_id,uuid,provider_id,_id,uuid,provider_Id,provider_name
5885864dbebc58b0fe92b09302d7fd35,3NHH6BNT6,undefined,5885864dbebc58b0fe92b09302d7f6f5,3NHH6BNT6,15,UCNE
5885864dbebc58b0fe92b09302d7c50c,J5NCD3S5R,undefined,5885864dbebc58b0fe92b09302d79233,J5NCD3S5R,4,"Profamilia (Santo Domingo/Santo Domingo Norte)"
5885864dbebc58b0fe92b09302d79150,MQRT7NGXG,undefined,5885864dbebc58b0fe92b09302d75917,MQRT7NGXG,4,"Profamilia (Santo Domingo/Santo Domingo Norte)"
5885864dbebc58b0fe92b09302d74c54,NFRJ7ARNT,undefined,5885864dbebc58b0fe92b09302d7207b,NFRJ7ARNT,4,"Profamilia (Santo Domingo/Santo Domingo Norte)"
5885864dbebc58b0fe92b09302d71200,XVW8N2P6Z,undefined,5885864dbebc58b0fe92b09302d702fc,XVW8N2P6Z,4,"Profamilia (Santo Domingo/Santo Domingo Norte)"
5885864dbebc58b0fe92b09302d6fa5d,GZMY8N5T7,undefined,5885864dbebc58b0fe92b09302d6c175,GZMY8N5T7,4,"Profamilia (Santo Domingo/Santo Domingo Norte)"
5885864dbebc58b0fe92b09302d6bca7,Y3W2P6GYP,undefined,5885864dbebc58b0fe92b09302d6a4fa,Y3W2P6GYP,15,UCNE
5885864dbebc58b0fe92b09302d696cf,4CG9MFZF3,undefined,5885864dbebc58b0fe92b09302d69343,4CG9MFZF3,15,UCNE
5885864dbebc58b0fe92b09302d6836b,1YSR0S1Z=,undefined,5885864dbebc58b0fe92b09302d66987,1YSR0S1Z=,15,UCNE
5885864dbebc58b0fe92b09302d666f6,3HH607B2G,undefined,5885864dbebc58b0fe92b09302d65c16,3HH607B2G,15,UCNE
5885864dbebc58b0fe92b09302d657b2,8XECJ3BJ8,undefined,5885864dbebc58b0fe92b09302d63a51,8XECJ3BJ8,15,UCNE
5885864dbebc58b0fe92b09302d38cd5,RV1ADWZC=,undefined,5885864dbebc58b0fe92b09302d2df0d,RV1ADWZC=,15,UCNE
5885864dbebc58b0fe92b09302d62a9f,PRDKRD7GP,undefined,5885864dbebc58b0fe92b09302d59db9,PRDKRD7GP,6,"IDDI (Santo Domingo/Distrito Nacional)"
5885864dbebc58b0fe92b09302d28e10,JY4D1KVQD,undefined,5885864dbebc58b0fe92b09302d281ee,JY4D1KVQD,15,UCNE
5885864dbebc58b0fe92b09302d57c0a,Q340N7FE0,undefined,5885864dbebc58b0fe92b09302d551da,Q340N7FE0,4,"Profamilia (Santo Domingo/Santo Domingo Norte)"
5885864dbebc58b0fe92b09302d588a8,PGETTP5FN,undefined,5885864dbebc58b0fe92b09302d577f5,PGETTP5FN,15,UCNE
5885864dbebc58b0fe92b09302d5862c,R9T29YSAP,undefined,5885864dbebc58b0fe92b09302d55280,R9T29YSAP,6,"IDDI (Santo Domingo/Distrito Nacional)"
5885864dbebc58b0fe92b09302d23083,C3BBXQ41*,undefined,5885864dbebc58b0fe92b09302d2219c,C3BBXQ41*,15,UCNE
5885864dbebc58b0fe92b09302d53e08,HTMAN8RX7,undefined,5885864dbebc58b0fe92b09302d52201,HTMAN8RX7,15,UCNE
5885864dbebc58b0fe92b09302d52028,P3NWQS9F~,undefined,5885864dbebc58b0fe92b09302d47546,P3NWQS9F~,6,"IDDI (Santo Domingo/Distrito Nacional)"
5885864dbebc58b0fe92b09302d1ddde,ZZ83Q3X6T,undefined,5885864dbebc58b0fe92b09302d1c201,ZZ83Q3X6T,15,UCNE
5885864dbebc58b0fe92b09302d45756,Y1BKJ5240,undefined,5885864dbebc58b0fe92b09302d3fb67,Y1BKJ5240,15,UCNE
5885864dbebc58b0fe92b09302d143f5,49P4SC2M4,undefined,5885864dbebc58b0fe92b09302d12497,49P4SC2M4,15,UCNE
5885864dbebc58b0fe92b09302d43af9,PM4TBV6RK,undefined,5885864dbebc58b0fe92b09302d3e2e3,PM4TBV6RK,6,"IDDI (Santo Domingo/Distrito Nacional)"
5885864dbebc58b0fe92b09302d3d30a,BDKKF87S7,undefined,5885864dbebc58b0fe92b09302d3a052,BDKKF87S7,15,UCNE
5885864dbebc58b0fe92b09302d3affe,XGEVXS8RZ,undefined,5885864dbebc58b0fe92b09302d392ad,XGEVXS8RZ,6,"IDDI (Santo Domingo/Distrito Nacional)"
5885864dbebc58b0fe92b09302d3822b,A231WWZ9Q,undefined,5885864dbebc58b0fe92b09302d339c5,A231WWZ9Q,15,UCNE
5885864dbebc58b0fe92b09302d0f9f6,73ST5B3ET,undefined,5885864dbebc58b0fe92b09302d0d1e6,73ST5B3ET,15,UCNE
5885864dbebc58b0fe92b09302d32c2f,84C38XVHZ,undefined,5885864dbebc58b0fe92b09302d31b3c,84C38XVHZ,6,"IDDI (Santo Domingo/Distrito Nacional)"
5885864dbebc58b0fe92b09302d2dc8e,KJ1W251NS,undefined,5885864dbebc58b0fe92b09302d296fc,KJ1W251NS,4,"Profamilia (Santo Domingo/Santo Domingo Norte)"
5885864dbebc58b0fe92b09302d30249,DRT8S9CQQ,undefined,5885864dbebc58b0fe92b09302d2d27d,DRT8S9CQQ,15,UCNE
5885864dbebc58b0fe92b09302d2d42f,EQXY7WQTC,undefined,5885864dbebc58b0fe92b09302d2a29a,EQXY7WQTC,6,"IDDI (Santo Domingo/Distrito Nacional)"
5885864dbebc58b0fe92b09302d27278,G8R4MC3AM,undefined,5885864dbebc58b0fe92b09302d24160,G8R4MC3AM,15,UCNE
5885864dbebc58b0fe92b09302d1e7ef,EJP2XY4YZ,undefined,5885864dbebc58b0fe92b09302d1beff,EJP2XY4YZ,4,"Profamilia (Santo Domingo/Santo Domingo Norte)"
5885864dbebc58b0fe92b09302d21318,R5CVBCWK2,undefined,5885864dbebc58b0fe92b09302d20355,R5CVBCWK2,15,UCNE
5885864dbebc58b0fe92b09302cfc36e,7D7A4GZDQ,undefined,5885864dbebc58b0fe92b09302cf67de,7D7A4GZDQ,15,UCNE
5885864dbebc58b0fe92b09302d1ff40,BMMRCJMA0,undefined,5885864dbebc58b0fe92b09302d1cc5d,BMMRCJMA0,6,"IDDI (Santo Domingo/Distrito Nacional)"
5885864dbebc58b0fe92b09302d1b5db,FBF47GD79,undefined,5885864dbebc58b0fe92b09302d18c70,FBF47GD79,15,UCNE
5885864dbebc58b0fe92b09302d1935d,58BZ4QJDJ,undefined,5885864dbebc58b0fe92b09302d18b03,58BZ4QJDJ,6,"IDDI (Santo Domingo/Distrito Nacional)"
5885864dbebc58b0fe92b09302d17eff,A3843JJAZ,undefined,5885864dbebc58b0fe92b09302d147aa,A3843JJAZ,4,"Profamilia (Santo Domingo/Santo Domingo Norte)"
5885864dbebc58b0fe92b09302d17381,WWBPNG0CH,undefined,5885864dbebc58b0fe92b09302d1305b,WWBPNG0CH,6,"IDDI (Santo Domingo/Distrito Nacional)"
5885864dbebc58b0fe92b09302d0d1d7,H86HCWJ2K,undefined,5885864dbebc58b0fe92b09302d07b0d,H86HCWJ2K,4,"Profamilia (Santo Domingo/Santo Domingo Norte)"
5885864dbebc58b0fe92b09302d02fd8,WYQXQVDBS,undefined,5885864dbebc58b0fe92b09302cfc674,WYQXQVDBS,4,"Profamilia (Santo Domingo/Santo Domingo Norte)"
5885864dbebc58b0fe92b09302cfbd53,8MV13SRAC,undefined,5885864dbebc58b0fe92b09302cf797e,8MV13SRAC,4,"Profamilia (Santo Domingo/Santo Domingo Norte)"
5885864dbebc58b0fe92b09302cf6feb,7N27MFSJZ,undefined,5885864dbebc58b0fe92b09302cf65b6,7N27MFSJZ,4,"Profamilia (Santo Domingo/Santo Domingo Norte)"
5885864dbebc58b0fe92b09302cf1825,W2KSHAKGV,undefined,5885864dbebc58b0fe92b09302cef864,W2KSHAKGV,4,"Profamilia (Santo Domingo/Santo Domingo Norte)"
5885864dbebc58b0fe92b09302ce970a,SA369DFDJ,undefined,5885864dbebc58b0fe92b09302ce93ed,SA369DFDJ,15,UCNE
5885864dbebc58b0fe92b09302ce4f89,JSYBP40EH,undefined,5885864dbebc58b0fe92b09302cdf886,JSYBP40EH,15,UCNE
5885864dbebc58b0fe92b09302cd8c65,5GKETYQT4,undefined,5885864dbebc58b0fe92b09302cd33df,5GKETYQT4,15,UCNE
5885864dbebc58b0fe92b09302cce8ac,SWZTZQ5EQ,undefined,5885864dbebc58b0fe92b09302ccc371,SWZTZQ5EQ,15,UCNE
5885864dbebc58b0fe92b09302cc7998,TKH7288PP,undefined,5885864dbebc58b0fe92b09302cc65f0,TKH7288PP,15,UCNE
5885864dbebc58b0fe92b09302cb5110,C2JMV4MZ=,undefined,5885864dbebc58b0fe92b09302cb420c,C2JMV4MZ=,15,UCNE
5885864dbebc58b0fe92b09302cea9d5,R93NN4D3G,undefined,5885864dbebc58b0fe92b09302cea572,R93NN4D3G,,
5885864dbebc58b0fe92b09302ce907d,9CED622MT,undefined,5885864dbebc58b0fe92b09302ce5f6b,9CED622MT,4,"Profamilia (Santo Domingo/Santo Domingo Norte)"
5885864dbebc58b0fe92b09302ce6cf7,EYPHQX982,undefined,5885864dbebc58b0fe92b09302ce5a01,EYPHQX982,15,UCNE
5885864dbebc58b0fe92b09302cde0b0,ENSHD4AT9,undefined,5885864dbebc58b0fe92b09302cd98f4,ENSHD4AT9,4,"Profamilia (Santo Domingo/Santo Domingo Norte)"
5885864dbebc58b0fe92b09302cdf0a4,D6YGZ7HJ5,undefined,5885864dbebc58b0fe92b09302cdd0fc,D6YGZ7HJ5,15,UCNE
5885864dbebc58b0fe92b09302cd4b78,Y1Q7JS335,undefined,5885864dbebc58b0fe92b09302cd2f77,Y1Q7JS335,15,UCNE
5885864dbebc58b0fe92b09302cd2d78,0F9Q5B4B5,undefined,5885864dbebc58b0fe92b09302ccffb1,0F9Q5B4B5,4,"Profamilia (Santo Domingo/Santo Domingo Norte)"
5885864dbebc58b0fe92b09302ccfcb3,89YDN2WCM,undefined,5885864dbebc58b0fe92b09302cccbe0,89YDN2WCM,15,UCNE
5885864dbebc58b0fe92b09302cc78bc,RE26NZ1F7,undefined,5885864dbebc58b0fe92b09302cc3b10,RE26NZ1F7,15,UCNE
5885864dbebc58b0fe92b09302ccb507,55GX8QK7T,undefined,5885864dbebc58b0fe92b09302cc7389,55GX8QK7T,4,"Profamilia (Santo Domingo/Santo Domingo Norte)"
5885864dbebc58b0fe92b09302ccbf0b,RT1GARKVH,undefined,5885864dbebc58b0fe92b09302cca415,RT1GARKVH,15,UCNE
5885864dbebc58b0fe92b09302c90b5d,7HVSTK7WD,undefined,5885864dbebc58b0fe92b09302c8fdd1,7HVSTK7WD,15,UCNE
5885864dbebc58b0fe92b09302cc5df2,J0ZPS2RV0,undefined,5885864dbebc58b0fe92b09302cc3287,J0ZPS2RV0,15,UCNE
5885864dbebc58b0fe92b09302c8db93,X8MDZ218E,undefined,5885864dbebc58b0fe92b09302c8bc94,X8MDZ218E,15,UCNE
5885864dbebc58b0fe92b09302cc23a2,VE42J790S,undefined,5885864dbebc58b0fe92b09302cbf936,VE42J790S,4,"Profamilia (Santo Domingo/Santo Domingo Norte)"
5885864dbebc58b0fe92b09302c888e2,CNS80ECYT,undefined,5885864dbebc58b0fe92b09302c8837b,CNS80ECYT,15,UCNE
5885864dbebc58b0fe92b09302cc324a,QER51XPD0,undefined,5885864dbebc58b0fe92b09302cc24d9,QER51XPD0,15,UCNE
5885864dbebc58b0fe92b09302c86ca8,FVCTQSX5Y,undefined,5885864dbebc58b0fe92b09302c857f8,FVCTQSX5Y,15,UCNE
5885864dbebc58b0fe92b09302caa850,F8Q2D9591,undefined,5885864dbebc58b0fe92b09302ca82b1,F8Q2D9591,15,UCNE
5885864dbebc58b0fe92b09302cbedd4,0ZWKPKF6=,undefined,5885864dbebc58b0fe92b09302cb6767,0ZWKPKF6=,15,UCNE
5885864dbebc58b0fe92b09302cb38a9,Y2C1QFA5P,undefined,5885864dbebc58b0fe92b09302cafd91,Y2C1QFA5P,4,"Profamilia (Santo Domingo/Santo Domingo Norte)"
5885864dbebc58b0fe92b09302cb0e69,KY74BHJ0$,undefined,5885864dbebc58b0fe92b09302cac26c,KY74BHJ0$,15,UCNE
5885864dbebc58b0fe92b09302c732df,FNCXE1X7=,undefined,5885864dbebc58b0fe92b09302c70dfb,FNCXE1X7=,15,UCNE
5885864dbebc58b0fe92b09302c9b09e,CXJSX462Z,undefined,5885864dbebc58b0fe92b09302c99472,CXJSX462Z,15,UCNE
5885864dbebc58b0fe92b09302ca9acb,C74SYBZ7Z,undefined,5885864dbebc58b0fe92b09302ca86b1,C74SYBZ7Z,15,UCNE
5885864dbebc58b0fe92b09302c70284,88X3BSMSM,undefined,5885864dbebc58b0fe92b09302c6bd9f,88X3BSMSM,15,UCNE
5885864dbebc58b0fe92b09302c6404c,Y1YFTK7W4,undefined,5885864dbebc58b0fe92b09302c622db,Y1YFTK7W4,15,UCNE
5885864dbebc58b0fe92b09302ca114f,CMZ7D6AB7,undefined,5885864dbebc58b0fe92b09302c9ad49,CMZ7D6AB7,6,"IDDI (Santo Domingo/Distrito Nacional)"
5885864dbebc58b0fe92b09302c60bab,2EJSGFG9E,undefined,5885864dbebc58b0fe92b09302c59f85,2EJSGFG9E,15,UCNE
5885864dbebc58b0fe92b09302ca1806,K7MK9KA1T,undefined,5885864dbebc58b0fe92b09302c9b3d7,K7MK9KA1T,,
5885864dbebc58b0fe92b09302c8e081,T8BWVXTF$,undefined,5885864dbebc58b0fe92b09302c8a852,T8BWVXTF$,15,UCNE
5885864dbebc58b0fe92b09302c9908d,NR4KHA42*,undefined,5885864dbebc58b0fe92b09302c8cee3,NR4KHA42*,,
5885864dbebc58b0fe92b09302c96432,95B228EVC,undefined,5885864dbebc58b0fe92b09302c91f40,95B228EVC,6,"IDDI (Santo Domingo/Distrito Nacional)"
5885864dbebc58b0fe92b09302c980a4,48Z7ZDPE~,undefined,5885864dbebc58b0fe92b09302c92444,48Z7ZDPE~,15,UCNE
5885864dbebc58b0fe92b09302c55712,N1P6Y3QC8,undefined,5885864dbebc58b0fe92b09302c4f26d,N1P6Y3QC8,15,UCNE
5885864dbebc58b0fe92b09302c91657,9TJP0G28H,undefined,5885864dbebc58b0fe92b09302c8f515,9TJP0G28H,15,UCNE
5885864dbebc58b0fe92b09302c8613a,9T53XAWPC,undefined,5885864dbebc58b0fe92b09302c83dfb,9T53XAWPC,15,UCNE
5885864dbebc58b0fe92b09302c896a8,ZDMJE5N1$,undefined,5885864dbebc58b0fe92b09302c879f6,ZDMJE5N1$,15,UCNE
5885864dbebc58b0fe92b09302c41902,ET30TCVBH,undefined,5885864dbebc58b0fe92b09302c40ef4,ET30TCVBH,15,UCNE
5885864dbebc58b0fe92b09302c79734,DQN9904QN,undefined,5885864dbebc58b0fe92b09302c733d0,DQN9904QN,15,UCNE
5885864dbebc58b0fe92b09302c836b4,Q5ST2QQSD,undefined,5885864dbebc58b0fe92b09302c819ad,Q5ST2QQSD,15,UCNE
5885864dbebc58b0fe92b09302c33bb2,NARZTHPXZ,undefined,5885864dbebc58b0fe92b09302c2f192,NARZTHPXZ,15,UCNE
5885864dbebc58b0fe92b09302c7cdec,EH0DW71C6,undefined,5885864dbebc58b0fe92b09302c7b66f,EH0DW71C6,6,"IDDI (Santo Domingo/Distrito Nacional)"
5885864dbebc58b0fe92b09302c7eacd,TZPFDZ7XT,undefined,5885864dbebc58b0fe92b09302c7c100,TZPFDZ7XT,15,UCNE
5885864dbebc58b0fe92b09302c82b0c,0RNZPNRKA,undefined,5885864dbebc58b0fe92b09302c7d8d6,0RNZPNRKA,4,"Profamilia (Santo Domingo/Santo Domingo Norte)"
5885864dbebc58b0fe92b09302c7a847,72MP7EEZE,undefined,5885864dbebc58b0fe92b09302c78a28,72MP7EEZE,15,UCNE
5885864dbebc58b0fe92b09302c1cc64,92S0GQ2EC,undefined,5885864dbebc58b0fe92b09302c165b3,92S0GQ2EC,15,UCNE
5885864dbebc58b0fe92b09302c781a7,4M8TKS1JN,undefined,5885864dbebc58b0fe92b09302c761c9,4M8TKS1JN,4,"Profamilia (Santo Domingo/Santo Domingo Norte)"
5885864dbebc58b0fe92b09302c6f45f,RGRKMGZTW,undefined,5885864dbebc58b0fe92b09302c6a6ed,RGRKMGZTW,6,"IDDI (Santo Domingo/Distrito Nacional)"
5885864dbebc58b0fe92b09302c6b515,V6ATS4Z1C,undefined,5885864dbebc58b0fe92b09302c62516,V6ATS4Z1C,15,UCNE
5885864dbebc58b0fe92b09302c69861,3XC81CB9A,undefined,5885864dbebc58b0fe92b09302c62385,3XC81CB9A,4,"Profamilia (Santo Domingo/Santo Domingo Norte)"
5885864dbebc58b0fe92b09302c61207,58M94KHXP,undefined,5885864dbebc58b0fe92b09302c5b2b7,58M94KHXP,15,UCNE
5885864dbebc58b0fe92b09302c60aa2,41DFN9RJ5,undefined,5885864dbebc58b0fe92b09302c5b6b9,41DFN9RJ5,6,"IDDI (Santo Domingo/Distrito Nacional)"
5885864dbebc58b0fe92b09302c503c4,5BCX7WE9Y,undefined,5885864dbebc58b0fe92b09302c48d7c,5BCX7WE9Y,15,UCNE
5885864dbebc58b0fe92b09302c59b89,M3YG9R3BD,undefined,5885864dbebc58b0fe92b09302c57927,M3YG9R3BD,15,UCNE
5885864dbebc58b0fe92b09302c5f1a3,6YVKQMN9W,undefined,5885864dbebc58b0fe92b09302c5c6ac,6YVKQMN9W,4,"Profamilia (Santo Domingo/Santo Domingo Norte)"
5885864dbebc58b0fe92b09302c5ab66,VHPPV6ANJ,undefined,5885864dbebc58b0fe92b09302c58e2d,VHPPV6ANJ,15,UCNE
5885864dbebc58b0fe92b09302c56e83,9VRW4N09K,undefined,5885864dbebc58b0fe92b09302c493f2,9VRW4N09K,4,"Profamilia (Santo Domingo/Santo Domingo Norte)"
5885864dbebc58b0fe92b09302bfe2e4,7Y29ZH96C,undefined,5885864dbebc58b0fe92b09302bfb9b4,7Y29ZH96C,15,UCNE
5885864dbebc58b0fe92b09302c55d5d,W7MD07YF=,undefined,5885864dbebc58b0fe92b09302c505d0,W7MD07YF=,4,"Profamilia (Santo Domingo/Santo Domingo Norte)"
5885864dbebc58b0fe92b09302c57eaf,P933GBPRC,undefined,5885864dbebc58b0fe92b09302c55aee,P933GBPRC,6,"IDDI (Santo Domingo/Distrito Nacional)"
5885864dbebc58b0fe92b09302c51d98,EPH9PYNWY,undefined,5885864dbebc58b0fe92b09302c4fc83,EPH9PYNWY,15,UCNE
5885864dbebc58b0fe92b09302bf3197,Z51T79G8Q,undefined,5885864dbebc58b0fe92b09302bf1da3,Z51T79G8Q,15,UCNE
5885864dbebc58b0fe92b09302c4a2ff,3KF1QN5JJ,undefined,5885864dbebc58b0fe92b09302c48216,3KF1QN5JJ,15,UCNE
5885864dbebc58b0fe92b09302c406aa,PYGRFQQ67,undefined,5885864dbebc58b0fe92b09302c33a08,PYGRFQQ67,15,UCNE
5885864dbebc58b0fe92b09302c4f4b6,J4K03DF7K,undefined,5885864dbebc58b0fe92b09302c49a3f,J4K03DF7K,6,"IDDI (Santo Domingo/Distrito Nacional)"
5885864dbebc58b0fe92b09302c4772e,6SAB076B=,undefined,5885864dbebc58b0fe92b09302c4207a,6SAB076B=,4,"Profamilia (Santo Domingo/Santo Domingo Norte)"
5885864dbebc58b0fe92b09302bed932,NMWF5BMRV,undefined,5885864dbebc58b0fe92b09302bec881,NMWF5BMRV,15,UCNE
5885864dbebc58b0fe92b09302c42cb3,K2QKNQ8VU,undefined,5885864dbebc58b0fe92b09302c41be0,K2QKNQ8VU,15,UCNE
5885864dbebc58b0fe92b09302c4181b,MFANGJCEV,undefined,5885864dbebc58b0fe92b09302c3ff7c,MFANGJCEV,6,"IDDI (Santo Domingo/Distrito Nacional)"
5885864dbebc58b0fe92b09302c34048,H3GYK3DCG,undefined,5885864dbebc58b0fe92b09302c2ed68,H3GYK3DCG,15,UCNE
5885864dbebc58b0fe92b09302be6efc,T6W9RSK0M,undefined,5885864dbebc58b0fe92b09302be3add,T6W9RSK0M,15,UCNE
5885864dbebc58b0fe92b09302c3f775,WCZ4170B$,undefined,5885864dbebc58b0fe92b09302c34ec0,WCZ4170B$,4,"Profamilia (Santo Domingo/Santo Domingo Norte)"
5885864dbebc58b0fe92b09302c3a53c,GSGM9Q60H,undefined,5885864dbebc58b0fe92b09302c32db5,GSGM9Q60H,15,UCNE
5885864dbebc58b0fe92b09302c28c2a,5MKTGJGZW,undefined,5885864dbebc58b0fe92b09302c269bc,5MKTGJGZW,15,UCNE
5885864dbebc58b0fe92b09302bdf270,JK71ZYWN~,undefined,5885864dbebc58b0fe92b09302bcc710,JK71ZYWN~,15,UCNE
5885864dbebc58b0fe92b09302c32409,3YCY94JH1,undefined,5885864dbebc58b0fe92b09302c2dfaf,3YCY94JH1,6,"IDDI (Santo Domingo/Distrito Nacional)"
5885864dbebc58b0fe92b09302c2d65c,3XYJ8KNBT,undefined,5885864dbebc58b0fe92b09302c2c39a,3XYJ8KNBT,4,"Profamilia (Santo Domingo/Santo Domingo Norte)"
5885864dbebc58b0fe92b09302bc4e06,Q2SAG188P,undefined,5885864dbebc58b0fe92b09302bc23ad,Q2SAG188P,15,UCNE
5885864dbebc58b0fe92b09302c2cdae,29G7RR94Q,undefined,5885864dbebc58b0fe92b09302c2802d,29G7RR94Q,6,"IDDI (Santo Domingo/Distrito Nacional)"
5885864dbebc58b0fe92b09302c2c136,XTBG848DZ,undefined,5885864dbebc58b0fe92b09302c2750d,XTBG848DZ,15,UCNE
5885864dbebc58b0fe92b09302c15fd8,TFVKJW5ND,undefined,5885864dbebc58b0fe92b09302c04fc5,TFVKJW5ND,15,UCNE
5885864dbebc58b0fe92b09302c2516a,5NB9E2T1D,undefined,5885864dbebc58b0fe92b09302c1b9fd,5NB9E2T1D,4,"Profamilia (Santo Domingo/Santo Domingo Norte)"
5885864dbebc58b0fe92b09302bc0b9a,4TNHRV17K,undefined,5885864dbebc58b0fe92b09302bbec3c,4TNHRV17K,15,UCNE
5885864dbebc58b0fe92b09302c25b0d,CJDAYZ7PT,undefined,5885864dbebc58b0fe92b09302c19012,CJDAYZ7PT,4,"Profamilia (Santo Domingo/Santo Domingo Norte)"
5885864dbebc58b0fe92b09302c1c799,XCHTGHFY2,undefined,5885864dbebc58b0fe92b09302c16385,XCHTGHFY2,6,"IDDI (Santo Domingo/Distrito Nacional)"
5885864dbebc58b0fe92b09302c171d5,EVT3145J3,undefined,5885864dbebc58b0fe92b09302c16231,EVT3145J3,15,UCNE
5885864dbebc58b0fe92b09302bb9dc0,3KYNT9T83,undefined,5885864dbebc58b0fe92b09302bb3f06,3KYNT9T83,15,UCNE
5885864dbebc58b0fe92b09302c154d7,VHEJEATM1,undefined,5885864dbebc58b0fe92b09302c08eaf,VHEJEATM1,4,"Profamilia (Santo Domingo/Santo Domingo Norte)"
5885864dbebc58b0fe92b09302bfaa90,5VFSCRT9F,undefined,5885864dbebc58b0fe92b09302bea45e,5VFSCRT9F,4,"Profamilia (Santo Domingo/Santo Domingo Norte)"
5885864dbebc58b0fe92b09302bae0cf,F6ED7XPF1,undefined,5885864dbebc58b0fe92b09302bab9d9,F6ED7XPF1,15,UCNE
5885864dbebc58b0fe92b09302c073a2,B7ZG5M1KW,undefined,5885864dbebc58b0fe92b09302bfe717,B7ZG5M1KW,6,"IDDI (Santo Domingo/Distrito Nacional)"
5885864dbebc58b0fe92b09302bf56fc,GQQ1ESMER,undefined,5885864dbebc58b0fe92b09302bf0d5a,GQQ1ESMER,15,UCNE
5885864dbebc58b0fe92b09302c03a44,7VT4GC2VW,undefined,5885864dbebc58b0fe92b09302bff417,7VT4GC2VW,4,"Profamilia (Santo Domingo/Santo Domingo Norte)"
5885864dbebc58b0fe92b09302ba835a,2DDHAKRZV,undefined,5885864dbebc58b0fe92b09302ba36bc,2DDHAKRZV,15,UCNE
5885864dbebc58b0fe92b09302bf8d96,347E56A92,undefined,5885864dbebc58b0fe92b09302bf407c,347E56A92,4,"Profamilia (Santo Domingo/Santo Domingo Norte)"
5885864dbebc58b0fe92b09302bf0f41,1RS2HNRBW,undefined,5885864dbebc58b0fe92b09302bf0126,1RS2HNRBW,6,"IDDI (Santo Domingo/Distrito Nacional)"
5885864dbebc58b0fe92b09302be19c2,5W3VYBF9~,undefined,5885864dbebc58b0fe92b09302be0e7c,5W3VYBF9~,15,UCNE
5885864dbebc58b0fe92b09302befe37,ZSZJDXW57,undefined,5885864dbebc58b0fe92b09302bed19d,ZSZJDXW57,4,"Profamilia (Santo Domingo/Santo Domingo Norte)"
5885864dbebc58b0fe92b09302bed314,B9FCNDCAQ,undefined,5885864dbebc58b0fe92b09302beb0af,B9FCNDCAQ,15,UCNE
5885864dbebc58b0fe92b09302be9877,7M6PS9DS=,undefined,5885864dbebc58b0fe92b09302be3f01,7M6PS9DS=,6,"IDDI (Santo Domingo/Distrito Nacional)"
5885864dbebc58b0fe92b09302be824f,Z9Q6MNR0W,undefined,5885864dbebc58b0fe92b09302be2436,Z9Q6MNR0W,4,"Profamilia (Santo Domingo/Santo Domingo Norte)"
5885864dbebc58b0fe92b09302be2dc9,QM5SYHKAP,undefined,5885864dbebc58b0fe92b09302be1244,QM5SYHKAP,15,UCNE
5885864dbebc58b0fe92b09302bc5d21,5YGGHV43W,undefined,5885864dbebc58b0fe92b09302bc1a33,5YGGHV43W,15,UCNE
5885864dbebc58b0fe92b09302be0ebe,AV629X4A4,undefined,5885864dbebc58b0fe92b09302bcf311,AV629X4A4,15,UCNE
5885864dbebc58b0fe92b09302bccdc4,5E1BT9E7Q,undefined,5885864dbebc58b0fe92b09302bc7b36,5E1BT9E7Q,4,"Profamilia (Santo Domingo/Santo Domingo Norte)"
5885864dbebc58b0fe92b09302bded49,CQN8FCJBZ,undefined,5885864dbebc58b0fe92b09302bc8508,CQN8FCJBZ,6,"IDDI (Santo Domingo/Distrito Nacional)"
5885864dbebc58b0fe92b09302bdf192,SEE6DZ777,undefined,5885864dbebc58b0fe92b09302bc8758,SEE6DZ777,4,"Profamilia (Santo Domingo/Santo Domingo Norte)"
5885864dbebc58b0fe92b09302bc770f,HX3GQ663*,undefined,5885864dbebc58b0fe92b09302bc305f,HX3GQ663*,6,"IDDI (Santo Domingo/Distrito Nacional)"
5885864dbebc58b0fe92b09302bc1931,W3JRHAZS8,undefined,5885864dbebc58b0fe92b09302bc0000,W3JRHAZS8,4,"Profamilia (Santo Domingo/Santo Domingo Norte)"
5885864dbebc58b0fe92b09302bbaafd,EBR3Q0TVQ,undefined,5885864dbebc58b0fe92b09302bb3b0b,EBR3Q0TVQ,4,"Profamilia (Santo Domingo/Santo Domingo Norte)"
5885864dbebc58b0fe92b09302bb5001,XR3J9PVE~,undefined,5885864dbebc58b0fe92b09302baedc5,XR3J9PVE~,6,"IDDI (Santo Domingo/Distrito Nacional)"
5885864dbebc58b0fe92b09302bbeb02,RH92AGX6B,undefined,5885864dbebc58b0fe92b09302bbabef,RH92AGX6B,15,UCNE
5885864dbebc58b0fe92b09302bb3ea2,N8SPYNN7J,undefined,5885864dbebc58b0fe92b09302bb08d7,N8SPYNN7J,4,"Profamilia (Santo Domingo/Santo Domingo Norte)"
5885864dbebc58b0fe92b09302bb02dc,Z03X9QBCE,undefined,5885864dbebc58b0fe92b09302bac1e8,Z03X9QBCE,15,UCNE
5885864dbebc58b0fe92b09302bab209,XSJCMQKKS,undefined,5885864dbebc58b0fe92b09302ba2ec8,XSJCMQKKS,4,"Profamilia (Santo Domingo/Santo Domingo Norte)"
5885864dbebc58b0fe92b09302baaf48,3CEB86SMS,undefined,5885864dbebc58b0fe92b09302ba600c,3CEB86SMS,6,"IDDI (Santo Domingo/Distrito Nacional)"
5885864dbebc58b0fe92b09302ba0bc8,R8CVVRJ82,undefined,5885864dbebc58b0fe92b09302b992cd,R8CVVRJ82,6,"IDDI (Santo Domingo/Distrito Nacional)"
5885864dbebc58b0fe92b09302b8b9b7,BHD3Y4AZ9,undefined,5885864dbebc58b0fe92b09302b695e0,BHD3Y4AZ9,4,"Profamilia (Santo Domingo/Santo Domingo Norte)"
5885864dbebc58b0fe92b09302b96a9c,MX3CJ73A0,undefined,5885864dbebc58b0fe92b09302b8a57b,MX3CJ73A0,6,"IDDI (Santo Domingo/Distrito Nacional)"
5885864dbebc58b0fe92b09302b89f95,EVYRWYR7H,undefined,5885864dbebc58b0fe92b09302b81ec6,EVYRWYR7H,6,"IDDI (Santo Domingo/Distrito Nacional)"
5885864dbebc58b0fe92b09302b81d52,SREC0EC9C,undefined,5885864dbebc58b0fe92b09302b81841,SREC0EC9C,6,"IDDI (Santo Domingo/Distrito Nacional)"
5885864dbebc58b0fe92b09302b80f49,EJ85PBPP2,undefined,5885864dbebc58b0fe92b09302b78e17,EJ85PBPP2,6,"IDDI (Santo Domingo/Distrito Nacional)"
5885864dbebc58b0fe92b09302b78aca,HBHKTV26G,undefined,5885864dbebc58b0fe92b09302b6fa42,HBHKTV26G,6,"IDDI (Santo Domingo/Distrito Nacional)"
5885864dbebc58b0fe92b09302b6f36f,EAY714F96,undefined,5885864dbebc58b0fe92b09302b6906d,EAY714F96,6,"IDDI (Santo Domingo/Distrito Nacional)"
5885864dbebc58b0fe92b09302b68a35,037579HR$,undefined,5885864dbebc58b0fe92b09302b67a5d,037579HR$,4,"Profamilia (Santo Domingo/Santo Domingo Norte)"
5885864dbebc58b0fe92b09302b2eaf4,TCYCG7ASZ,undefined,5885864dbebc58b0fe92b09302b1fd43,TCYCG7ASZ,15,UCNE
5885864dbebc58b0fe92b09302b5c271,GVZ7TGDBW,undefined,5885864dbebc58b0fe92b09302b5a00b,GVZ7TGDBW,6,"IDDI (Santo Domingo/Distrito Nacional)"
5885864dbebc58b0fe92b09302b17499,PYHXH4DYP,undefined,5885864dbebc58b0fe92b09302b14261,PYHXH4DYP,15,UCNE
5885864dbebc58b0fe92b09302b0ac9d,E6M238E42,undefined,5885864dbebc58b0fe92b09302b08ba2,E6M238E42,15,UCNE
5885864dbebc58b0fe92b09302b068b6,C0ZAKEZEB,undefined,5885864dbebc58b0fe92b09302afbd8b,C0ZAKEZEB,15,UCNE
5885864dbebc58b0fe92b09302b53fff,H8A1K3WBW,undefined,5885864dbebc58b0fe92b09302b51c7c,H8A1K3WBW,6,"IDDI (Santo Domingo/Distrito Nacional)"
5885864dbebc58b0fe92b09302afa044,KPNZ8KF47,undefined,5885864dbebc58b0fe92b09302af264f,KPNZ8KF47,15,UCNE
5885864dbebc58b0fe92b09302b42c32,KJRKF3R5A,undefined,5885864dbebc58b0fe92b09302b3ac08,KJRKF3R5A,15,UCNE
5885864dbebc58b0fe92b09302ae8689,0YEFE23AZ,undefined,5885864dbebc58b0fe92b09302ae65a2,0YEFE23AZ,15,UCNE
5885864dbebc58b0fe92b09302b4ce41,1Z6MSNNG5,undefined,5885864dbebc58b0fe92b09302b32c75,1Z6MSNNG5,4,"Profamilia (Santo Domingo/Santo Domingo Norte)"
5885864dbebc58b0fe92b09302b501a4,3708AMH18,undefined,5885864dbebc58b0fe92b09302b45588,3708AMH18,6,"IDDI (Santo Domingo/Distrito Nacional)"
5885864dbebc58b0fe92b09302b50ee5,R0336SCC=,undefined,5885864dbebc58b0fe92b09302b45ba0,R0336SCC=,4,"Profamilia (Santo Domingo/Santo Domingo Norte)"
5885864dbebc58b0fe92b09302acaef5,YYT892KTP,undefined,5885864dbebc58b0fe92b09302ac8578,YYT892KTP,15,UCNE
5885864dbebc58b0fe92b09302b44879,SB9RD1HC6,undefined,5885864dbebc58b0fe92b09302b43620,SB9RD1HC6,15,UCNE
5885864dbebc58b0fe92b09302b3d26a,STF71DN3N,undefined,5885864dbebc58b0fe92b09302b3bb33,STF71DN3N,4,"Profamilia (Santo Domingo/Santo Domingo Norte)"
5885864dbebc58b0fe92b09302b2e8da,DSJWPEHTD,undefined,5885864dbebc58b0fe92b09302b18efb,DSJWPEHTD,15,UCNE
5885864dbebc58b0fe92b09302b34991,1QYVV2PB4,undefined,5885864dbebc58b0fe92b09302b2ec6a,1QYVV2PB4,6,"IDDI (Santo Domingo/Distrito Nacional)"
5885864dbebc58b0fe92b09302b3a6fb,9EK4MFJ2Y,undefined,5885864dbebc58b0fe92b09302b2ff20,9EK4MFJ2Y,15,UCNE
5885864dbebc58b0fe92b09302abd668,81B7MWBKU,undefined,5885864dbebc58b0fe92b09302ab582b,81B7MWBKU,15,UCNE
5885864dbebc58b0fe92b09302b2cc44,F15HP3JQW,undefined,5885864dbebc58b0fe92b09302b2021e,F15HP3JQW,4,"Profamilia (Santo Domingo/Santo Domingo Norte)"
5885864dbebc58b0fe92b09302aad054,CWN795D9M,undefined,5885864dbebc58b0fe92b09302aa79ef,CWN795D9M,15,UCNE
5885864dbebc58b0fe92b09302b28a5c,DK44CW4JE,undefined,5885864dbebc58b0fe92b09302b196fc,DK44CW4JE,15,UCNE
5885864dbebc58b0fe92b09302b0cec2,SM3BQBVW2,undefined,5885864dbebc58b0fe92b09302b08bd9,SM3BQBVW2,15,UCNE
5885864dbebc58b0fe92b09302b1eedd,ZMFJYHPNW,undefined,5885864dbebc58b0fe92b09302b18138,ZMFJYHPNW,6,"IDDI (Santo Domingo/Distrito Nacional)"
5885864dbebc58b0fe92b09302b15d91,TYG6QVFZQ,undefined,5885864dbebc58b0fe92b09302b0f3e3,TYG6QVFZQ,4,"Profamilia (Santo Domingo/Santo Domingo Norte)"
5885864dbebc58b0fe92b09302b11e44,7F26DEWVU,undefined,5885864dbebc58b0fe92b09302b07936,7F26DEWVU,4,"Profamilia (Santo Domingo/Santo Domingo Norte)"
5885864dbebc58b0fe92b09302b111eb,59ASVW4Z=,undefined,5885864dbebc58b0fe92b09302b0c36a,59ASVW4Z=,15,UCNE
5885864dbebc58b0fe92b09302a9aa78,Y26ZKRHTC,undefined,5885864dbebc58b0fe92b09302a90f41,Y26ZKRHTC,15,UCNE
5885864dbebc58b0fe92b09302b0e7aa,BX525NATF,undefined,5885864dbebc58b0fe92b09302b0b3c0,BX525NATF,6,"IDDI (Santo Domingo/Distrito Nacional)"
5885864dbebc58b0fe92b09302ae87fd,STZPAS4M2,undefined,5885864dbebc58b0fe92b09302ae3c57,STZPAS4M2,15,UCNE
5885864dbebc58b0fe92b09302afe2f4,R1YVEE6CP,undefined,5885864dbebc58b0fe92b09302afa0ee,R1YVEE6CP,4,"Profamilia (Santo Domingo/Santo Domingo Norte)"
5885864dbebc58b0fe92b09302b0854c,5NC29PF8V,undefined,5885864dbebc58b0fe92b09302afe2bb,5NC29PF8V,15,UCNE
5885864dbebc58b0fe92b09302b074b1,F2G3QSFSH,undefined,5885864dbebc58b0fe92b09302afb0e5,F2G3QSFSH,6,"IDDI (Santo Domingo/Distrito Nacional)"
5885864dbebc58b0fe92b09302af3766,MBAJSD2PR,undefined,5885864dbebc58b0fe92b09302aee1b4,MBAJSD2PR,4,"Profamilia (Santo Domingo/Santo Domingo Norte)"
5885864dbebc58b0fe92b09302a80e68,TJTXSR3FE,undefined,5885864dbebc58b0fe92b09302a7f10e,TJTXSR3FE,15,UCNE
5885864dbebc58b0fe92b09302af36c1,MQJ923F59,undefined,5885864dbebc58b0fe92b09302aeef97,MQJ923F59,6,"IDDI (Santo Domingo/Distrito Nacional)"
5885864dbebc58b0fe92b09302aef29f,AZJK1N54A,undefined,5885864dbebc58b0fe92b09302ae6c55,AZJK1N54A,4,"Profamilia (Santo Domingo/Santo Domingo Norte)"
5885864dbebc58b0fe92b09302adcbc4,GFS45S1P8,undefined,5885864dbebc58b0fe92b09302acd068,GFS45S1P8,15,UCNE
5885864dbebc58b0fe92b09302ac8f21,ZVDFYJEKZ,undefined,5885864dbebc58b0fe92b09302ac26c3,ZVDFYJEKZ,15,UCNE
5885864dbebc58b0fe92b09302a6dade,0TF0YHFSQ,undefined,5885864dbebc58b0fe92b09302a6c674,0TF0YHFSQ,15,UCNE
5885864dbebc58b0fe92b09302ae389d,GAB73ZKC=,undefined,5885864dbebc58b0fe92b09302acbe2e,GAB73ZKC=,6,"IDDI (Santo Domingo/Distrito Nacional)"
5885864dbebc58b0fe92b09302adbf4f,1VHZ66PRZ,undefined,5885864dbebc58b0fe92b09302accb6a,1VHZ66PRZ,4,"Profamilia (Santo Domingo/Santo Domingo Norte)"
5885864dbebc58b0fe92b09302a66bc4,SR7C0ZP8R,undefined,5885864dbebc58b0fe92b09302a58607,SR7C0ZP8R,15,UCNE
5885864dbebc58b0fe92b09302aad913,RHV3BB7FE,undefined,5885864dbebc58b0fe92b09302aa48bf,RHV3BB7FE,15,UCNE
5885864dbebc58b0fe92b09302ac7f92,Z50FW9TYN,undefined,5885864dbebc58b0fe92b09302ab1d9b,Z50FW9TYN,15,UCNE
5885864dbebc58b0fe92b09302abefa0,YCRY9B62U,undefined,5885864dbebc58b0fe92b09302ab392c,YCRY9B62U,4,"Profamilia (Santo Domingo/Santo Domingo Norte)"
5885864dbebc58b0fe92b09302aba5bc,7465BZ8MV,undefined,5885864dbebc58b0fe92b09302ab3c32,7465BZ8MV,6,"IDDI (Santo Domingo/Distrito Nacional)"
5885864dbebc58b0fe92b09302a40452,2PCEDMFBF,undefined,5885864dbebc58b0fe92b09302a3772e,2PCEDMFBF,15,UCNE
5885864dbebc58b0fe92b09302ab62bc,VZAC110R5,undefined,5885864dbebc58b0fe92b09302ab3368,VZAC110R5,15,UCNE
5885864dbebc58b0fe92b09302aab681,1WWX8NWS~,undefined,5885864dbebc58b0fe92b09302aa3e8f,1WWX8NWS~,4,"Profamilia (Santo Domingo/Santo Domingo Norte)"
5885864dbebc58b0fe92b09302a91838,KTWGJWA6Y,undefined,5885864dbebc58b0fe92b09302a8bbea,KTWGJWA6Y,15,UCNE
5885864dbebc58b0fe92b09302aaa87a,M4RNSFC3B,undefined,5885864dbebc58b0fe92b09302aa6190,M4RNSFC3B,15,UCNE
5885864dbebc58b0fe92b09302a33d5b,6YWFEEAP$,undefined,5885864dbebc58b0fe92b09302a2f0b6,6YWFEEAP$,15,UCNE
5885864dbebc58b0fe92b09302aa0444,N5YE74J4T,undefined,5885864dbebc58b0fe92b09302a9d0a4,N5YE74J4T,15,UCNE
5885864dbebc58b0fe92b09302a9ab20,1WBX956KC,undefined,5885864dbebc58b0fe92b09302a904b5,1WBX956KC,4,"Profamilia (Santo Domingo/Santo Domingo Norte)"
5885864dbebc58b0fe92b09302a8c4ae,91S91092$,undefined,5885864dbebc58b0fe92b09302a8b92e,91S91092$,15,UCNE
5885864dbebc58b0fe92b09302a26f67,PSGJ7D5HD,undefined,5885864dbebc58b0fe92b09302a1cc6a,PSGJ7D5HD,15,UCNE
5885864dbebc58b0fe92b09302a7730f,G8NZMTNKA,undefined,5885864dbebc58b0fe92b09302a6e43b,G8NZMTNKA,15,UCNE
5885864dbebc58b0fe92b09302a86136,XKJ07QPBJ,undefined,5885864dbebc58b0fe92b09302a817b5,XKJ07QPBJ,15,UCNE
5885864dbebc58b0fe92b09302a8b075,WZJDX785V,undefined,5885864dbebc58b0fe92b09302a857f9,WZJDX785V,4,"Profamilia (Santo Domingo/Santo Domingo Norte)"
5885864dbebc58b0fe92b09302a74380,4HYYAGNP*,undefined,5885864dbebc58b0fe92b09302a6f256,4HYYAGNP*,15,UCNE
5885864dbebc58b0fe92b09302a76b7c,VK9X2AKYJ,undefined,5885864dbebc58b0fe92b09302a731a7,VK9X2AKYJ,6,"IDDI (Santo Domingo/Distrito Nacional)"
5885864dbebc58b0fe92b09302a75ebc,ZEG3JANWA,undefined,5885864dbebc58b0fe92b09302a72e74,ZEG3JANWA,4,"Profamilia (Santo Domingo/Santo Domingo Norte)"
5885864dbebc58b0fe92b09302a165da,V1PBGN1NG,undefined,5885864dbebc58b0fe92b09302a0a938,V1PBGN1NG,15,UCNE
5885864dbebc58b0fe92b09302a4df39,4NMFQ2XY1,undefined,5885864dbebc58b0fe92b09302a4939f,4NMFQ2XY1,15,UCNE
5885864dbebc58b0fe92b09302a674ad,AWJ6GSX7R,undefined,5885864dbebc58b0fe92b09302a57cc9,AWJ6GSX7R,6,"IDDI (Santo Domingo/Distrito Nacional)"
5885864dbebc58b0fe92b09302a07aa4,FMK4R5V05,undefined,5885864dbebc58b0fe92b093029fd400,FMK4R5V05,15,UCNE
5885864dbebc58b0fe92b09302a360ba,8RPTB6EET,undefined,5885864dbebc58b0fe92b09302a2fde6,8RPTB6EET,15,UCNE
5885864dbebc58b0fe92b09302a4c5db,XW5GZ28B1,undefined,5885864dbebc58b0fe92b09302a408a1,XW5GZ28B1,6,"IDDI (Santo Domingo/Distrito Nacional)"
5885864dbebc58b0fe92b093029f8735,FGY3WJVHV,undefined,5885864dbebc58b0fe92b093029f77d8,FGY3WJVHV,15,UCNE
5885864dbebc58b0fe92b093029eec1e,SQYX6WZT$,undefined,5885864dbebc58b0fe92b093029e9d2d,SQYX6WZT$,15,UCNE
5885864dbebc58b0fe92b09302a375eb,D61N8C9P7,undefined,5885864dbebc58b0fe92b09302a337f4,D61N8C9P7,6,"IDDI (Santo Domingo/Distrito Nacional)"
5885864dbebc58b0fe92b09302a242fb,YQD17BXEF,undefined,5885864dbebc58b0fe92b09302a21d24,YQD17BXEF,15,UCNE
5885864dbebc58b0fe92b09302a2da8a,WH0XSQANP,undefined,5885864dbebc58b0fe92b09302a2cc75,WH0XSQANP,6,"IDDI (Santo Domingo/Distrito Nacional)"
5885864dbebc58b0fe92b09302a1ae36,GE0NF7FTZ,undefined,5885864dbebc58b0fe92b09302a1204d,GE0NF7FTZ,15,UCNE
5885864dbebc58b0fe92b093029f6d65,2NERB85ZR,undefined,5885864dbebc58b0fe92b093029f665b,2NERB85ZR,15,UCNE
5885864dbebc58b0fe92b093029e9be0,JKTVRNGNM,undefined,5885864dbebc58b0fe92b093029e5e33,JKTVRNGNM,4,"Profamilia (Santo Domingo/Santo Domingo Norte)"
5885864dbebc58b0fe92b093029e5ab6,RMBMYS78*,undefined,5885864dbebc58b0fe92b093029e15b2,RMBMYS78*,4,"Profamilia (Santo Domingo/Santo Domingo Norte)"
5885864dbebc58b0fe92b093029dec4f,7H0XYNSSR,undefined,5885864dbebc58b0fe92b093029dcfa1,7H0XYNSSR,4,"Profamilia (Santo Domingo/Santo Domingo Norte)"
5885864dbebc58b0fe92b093029e1dfb,1D6FEGB89,undefined,5885864dbebc58b0fe92b093029e0a94,1D6FEGB89,15,UCNE
5885864dbebc58b0fe92b093029e0790,ETJ3BT9R6,undefined,5885864dbebc58b0fe92b09302a21684,ETJ3BT9R6,15,UCNE
5885864dbebc58b0fe92b093029dba25,V9BZM9N3~,undefined,5885864dbebc58b0fe92b093029d95f5,V9BZM9N3~,4,"Profamilia (Santo Domingo/Santo Domingo Norte)"
5885864dbebc58b0fe92b093029dc504,JV4CT6Y0B,undefined,5885864dbebc58b0fe92b093029d9f91,JV4CT6Y0B,15,UCNE
5885864dbebc58b0fe92b093029d9431,R6M8WF0N6,undefined,5885864dbebc58b0fe92b093029d8792,R6M8WF0N6,15,UCNE
5885864dbebc58b0fe92b093029d7f2d,7KE4VVBHE,undefined,5885864dbebc58b0fe92b093029d5454,7KE4VVBHE,4,"Profamilia (Santo Domingo/Santo Domingo Norte)"
5885864dbebc58b0fe92b093029bc319,ZVZ4HKT28,undefined,5885864dbebc58b0fe92b093029bab0a,ZVZ4HKT28,15,UCNE
5885864dbebc58b0fe92b093029d39d8,V32X5YVX8,undefined,5885864dbebc58b0fe92b093029d07f6,V32X5YVX8,4,"Profamilia (Santo Domingo/Santo Domingo Norte)"
5885864dbebc58b0fe92b093029d5a6c,GMVSP3TJV,undefined,5885864dbebc58b0fe92b093029d4684,GMVSP3TJV,15,UCNE
5885864dbebc58b0fe92b093029d2c8a,P5XD4K6N5,undefined,5885864dbebc58b0fe92b093029ce573,P5XD4K6N5,15,UCNE
5885864dbebc58b0fe92b093029cc9cd,E6RXD4VHF,undefined,5885864dbebc58b0fe92b093029c72e2,E6RXD4VHF,4,"Profamilia (Santo Domingo/Santo Domingo Norte)"
5885864dbebc58b0fe92b093029d078d,D556DZ5XD,undefined,5885864dbebc58b0fe92b093029cdeda,D556DZ5XD,15,UCNE
5885864dbebc58b0fe92b093029b21b7,Y9S29PYE6,undefined,5885864dbebc58b0fe92b093029b10b0,Y9S29PYE6,15,UCNE
5885864dbebc58b0fe92b093029c8e3b,B10M8TGPW,undefined,5885864dbebc58b0fe92b093029c8494,B10M8TGPW,15,UCNE
5885864dbebc58b0fe92b093029ca44e,K7QN9TWZ8,undefined,5885864dbebc58b0fe92b093029c7960,K7QN9TWZ8,15,UCNE
5885864dbebc58b0fe92b093029a740a,Z4V1BMSK3,undefined,5885864dbebc58b0fe92b093029a52e8,Z4V1BMSK3,15,UCNE
5885864dbebc58b0fe92b093029c6dcb,SR9GV5V9*,undefined,5885864dbebc58b0fe92b093029c6734,SR9GV5V9*,15,UCNE
5885864dbebc58b0fe92b093029c6382,CFV7SZCDS,undefined,5885864dbebc58b0fe92b093029c1f00,CFV7SZCDS,4,"Profamilia (Santo Domingo/Santo Domingo Norte)"
5885864dbebc58b0fe92b0930299d1e1,FAM6RKWC5,undefined,5885864dbebc58b0fe92b09302998b15,FAM6RKWC5,15,UCNE
5885864dbebc58b0fe92b093029bedf8,KXQ4ZA61Q,undefined,5885864dbebc58b0fe92b093029bcbae,KXQ4ZA61Q,4,"Profamilia (Santo Domingo/Santo Domingo Norte)"
5885864dbebc58b0fe92b093029b9c1e,RVGDKBP1~,undefined,5885864dbebc58b0fe92b093029b6297,RVGDKBP1~,4,"Profamilia (Santo Domingo/Santo Domingo Norte)"
5885864dbebc58b0fe92b0930298ea27,GK9B58P14,undefined,5885864dbebc58b0fe92b09302988adb,GK9B58P14,15,UCNE
5885864dbebc58b0fe92b093029bb0f9,79Q0MJ3D9,undefined,5885864dbebc58b0fe92b093029b696e,79Q0MJ3D9,15,UCNE
5885864dbebc58b0fe92b093029b60a4,PM0Z2BVRN,undefined,5885864dbebc58b0fe92b093029b1c20,PM0Z2BVRN,4,"Profamilia (Santo Domingo/Santo Domingo Norte)"
5885864dbebc58b0fe92b09302978808,B1YJF04HH,undefined,5885864dbebc58b0fe92b0930296e81c,B1YJF04HH,15,UCNE
5885864dbebc58b0fe92b093029b5a1e,G0FDEFMBD,undefined,5885864dbebc58b0fe92b093029b02bd,G0FDEFMBD,15,UCNE
5885864dbebc58b0fe92b093029522ad,2351CYJSJ,undefined,5885864dbebc58b0fe92b09302941b6a,2351CYJSJ,15,UCNE
5885864dbebc58b0fe92b093029af3ed,YMHZM2GNE,undefined,5885864dbebc58b0fe92b093029a98ca,YMHZM2GNE,15,UCNE
5885864dbebc58b0fe92b093029afceb,5H392N12Q,undefined,5885864dbebc58b0fe92b093029a6750,5H392N12Q,15,UCNE
5885864dbebc58b0fe92b093029a5030,TD9YBJV18,undefined,5885864dbebc58b0fe92b093029a0721,TD9YBJV18,15,UCNE
5885864dbebc58b0fe92b093029a15d7,0WB32HQ5T,undefined,5885864dbebc58b0fe92b093029a05c0,0WB32HQ5T,15,UCNE
5885864dbebc58b0fe92b093029998ec,QZ3KK7VF~,undefined,5885864dbebc58b0fe92b0930299460f,QZ3KK7VF~,15,UCNE
5885864dbebc58b0fe92b0930299da3b,2ABT7QSWF,undefined,5885864dbebc58b0fe92b0930299cb2f,2ABT7QSWF,15,UCNE
5885864dbebc58b0fe92b0930292a874,N9BYESYC1,undefined,5885864dbebc58b0fe92b093029195bb,N9BYESYC1,15,UCNE
5885864dbebc58b0fe92b0930298a0cb,EESVEWMRK,undefined,5885864dbebc58b0fe92b09302987d26,EESVEWMRK,15,UCNE
5885864dbebc58b0fe92b0930299353e,9FVSM1HKB,undefined,5885864dbebc58b0fe92b0930298af4b,9FVSM1HKB,15,UCNE
5885864dbebc58b0fe92b09302994f40,1PVF5JWZD,undefined,5885864dbebc58b0fe92b09302992aa8,1PVF5JWZD,15,UCNE
5885864dbebc58b0fe92b093028ff9c7,2BEDR80E6,undefined,5885864dbebc58b0fe92b093028f8c13,2BEDR80E6,15,UCNE
5885864dbebc58b0fe92b0930298f19c,6C6BQZG91,undefined,5885864dbebc58b0fe92b0930298d92f,6C6BQZG91,15,UCNE
5885864dbebc58b0fe92b0930297eb8d,56SBPF60S,undefined,5885864dbebc58b0fe92b09302976710,56SBPF60S,15,UCNE
5885864dbebc58b0fe92b093029814c4,Z9AYXF9B0,undefined,5885864dbebc58b0fe92b0930297f2b0,Z9AYXF9B0,15,UCNE
5885864dbebc58b0fe92b0930295dfec,6SWJ1WQEK,undefined,5885864dbebc58b0fe92b093029598d2,6SWJ1WQEK,15,UCNE
5885864dbebc58b0fe92b0930297376b,VRG239QDQ,undefined,5885864dbebc58b0fe92b0930296eca7,VRG239QDQ,15,UCNE
5885864dbebc58b0fe92b0930296a0ca,GTAW78153,undefined,5885864dbebc58b0fe92b0930295d8ca,GTAW78153,6,"IDDI (Santo Domingo/Distrito Nacional)"
5885864dbebc58b0fe92b0930296934f,VN6SSAD7E,undefined,5885864dbebc58b0fe92b0930295ebf0,VN6SSAD7E,15,UCNE
5885864dbebc58b0fe92b093029416b5,HA031JT4W,undefined,5885864dbebc58b0fe92b09302935249,HA031JT4W,15,UCNE
5885864dbebc58b0fe92b09302958af4,0KEG4ZC4F,undefined,5885864dbebc58b0fe92b09302955961,0KEG4ZC4F,15,UCNE
5885864dbebc58b0fe92b09302950c4a,F28SD1Z8T,undefined,5885864dbebc58b0fe92b09302944b37,F28SD1Z8T,6,"IDDI (Santo Domingo/Distrito Nacional)"
5885864dbebc58b0fe92b093028e21e0,5557Q6G5C,undefined,5885864dbebc58b0fe92b093028dc906,5557Q6G5C,15,UCNE
5885864dbebc58b0fe92b0930294d358,TGKVXZWB=,undefined,5885864dbebc58b0fe92b0930294410f,TGKVXZWB=,15,UCNE
5885864dbebc58b0fe92b09302918335,9YFVVGNW9,undefined,5885864dbebc58b0fe92b09302909dd0,9YFVVGNW9,15,UCNE
5885864dbebc58b0fe92b0930293baf0,BD2YFMH3U,undefined,5885864dbebc58b0fe92b0930292b9e1,BD2YFMH3U,15,UCNE
5885864dbebc58b0fe92b09302922ec5,H5G5RECNR,undefined,5885864dbebc58b0fe92b09302921e91,H5G5RECNR,15,UCNE
5885864dbebc58b0fe92b0930292100c,72SC22DQ*,undefined,5885864dbebc58b0fe92b09302918d40,72SC22DQ*,15,UCNE
5885864dbebc58b0fe92b0930290fbf9,RGE5XC5YE,undefined,5885864dbebc58b0fe92b09302905421,RGE5XC5YE,6,"IDDI (Santo Domingo/Distrito Nacional)"
5885864dbebc58b0fe92b093028fd81d,6WM8VW832,undefined,5885864dbebc58b0fe92b093028f7d1a,6WM8VW832,15,UCNE
5885864dbebc58b0fe92b09302905a14,5JA2BEVMB,undefined,5885864dbebc58b0fe92b093029035e8,5JA2BEVMB,15,UCNE
5885864dbebc58b0fe92b0930290a660,G21S8T62G,undefined,5885864dbebc58b0fe92b09302904834,G21S8T62G,15,UCNE
5885864dbebc58b0fe92b093028e98f6,BRCSMPSH=,undefined,5885864dbebc58b0fe92b093028e2a6a,BRCSMPSH=,15,UCNE
5885864dbebc58b0fe92b093028f9fc8,0BYEZX0XQ,undefined,5885864dbebc58b0fe92b093028f974c,0BYEZX0XQ,15,UCNE
5885864dbebc58b0fe92b093028f7b50,2TAJ1EFCP,undefined,5885864dbebc58b0fe92b093028f4b0f,2TAJ1EFCP,6,"IDDI (Santo Domingo/Distrito Nacional)"
5885864dbebc58b0fe92b093028f3c2b,76BZ2FZT*,undefined,5885864dbebc58b0fe92b093028f1a4f,76BZ2FZT*,15,UCNE
5885864dbebc58b0fe92b093028f0aa9,71F7Y127J,undefined,5885864dbebc58b0fe92b093028e9a15,71F7Y127J,6,"IDDI (Santo Domingo/Distrito Nacional)"
5885864dbebc58b0fe92b093028eb13c,G1YGQTE32,undefined,5885864dbebc58b0fe92b093028e8f25,G1YGQTE32,15,UCNE
5885864dbebc58b0fe92b093028e5dac,P69JZ5NF8,undefined,5885864dbebc58b0fe92b093028e3507,P69JZ5NF8,15,UCNE
5885864dbebc58b0fe92b093028e177c,WC9QYVSME,undefined,5885864dbebc58b0fe92b093028dd350,WC9QYVSME,6,"IDDI (Santo Domingo/Distrito Nacional)"
5885864dbebc58b0fe92b093028df8d2,87CTBB6Y5,undefined,5885864dbebc58b0fe92b093028ddeea,87CTBB6Y5,15,UCNE
5885864dbebc58b0fe92b093028dc3e5,AWR48WB9R,undefined,5885864dbebc58b0fe92b093028dac55,AWR48WB9R,15,UCNE
5885864dbebc58b0fe92b093028d9a70,GNPRZW4K$,undefined,5885864dbebc58b0fe92b093028c90b8,GNPRZW4K$,15,UCNE
5885864dbebc58b0fe92b093028db8fe,A0ZTDZ7QZ,undefined,5885864dbebc58b0fe92b093028c84ec,A0ZTDZ7QZ,6,"IDDI (Santo Domingo/Distrito Nacional)"
5885864dbebc58b0fe92b093028ba7d1,DX6QW7J2Y,undefined,5885864dbebc58b0fe92b093028b29fd,DX6QW7J2Y,6,"IDDI (Santo Domingo/Distrito Nacional)"
5885864dbebc58b0fe92b093028a4ce8,67V57T941,undefined,5885864dbebc58b0fe92b0930289dfb1,67V57T941,6,"IDDI (Santo Domingo/Distrito Nacional)"
5885864dbebc58b0fe92b09302899566,4S1CSJ0K=,undefined,5885864dbebc58b0fe92b09302898c0a,4S1CSJ0K=,6,"IDDI (Santo Domingo/Distrito Nacional)"
5885864dbebc58b0fe92b0930289734e,M8GDKZNYQ,undefined,5885864dbebc58b0fe92b093028923c2,M8GDKZNYQ,6,"IDDI (Santo Domingo/Distrito Nacional)"
5885864dbebc58b0fe92b09302891234,YXHC3BPQ*,undefined,5885864dbebc58b0fe92b09302890698,YXHC3BPQ*,6,"IDDI (Santo Domingo/Distrito Nacional)"
5885864dbebc58b0fe92b0930288fd74,TG2EP3NS8,undefined,5885864dbebc58b0fe92b0930288c8bf,TG2EP3NS8,6,"IDDI (Santo Domingo/Distrito Nacional)"
5885864dbebc58b0fe92b0930288c3b2,RZTX0G6KU,undefined,5885864dbebc58b0fe92b0930288838a,RZTX0G6KU,6,"IDDI (Santo Domingo/Distrito Nacional)"
5885864dbebc58b0fe92b0930288833e,RVRSS607F,undefined,5885864dbebc58b0fe92b093028830b2,RVRSS607F,6,"IDDI (Santo Domingo/Distrito Nacional)"
5885864dbebc58b0fe92b09302882e80,XSHDGW4AT,undefined,5885864dbebc58b0fe92b0930288200f,XSHDGW4AT,6,"IDDI (Santo Domingo/Distrito Nacional)"
5885864dbebc58b0fe92b0930288123c,QSBP20BB*,undefined,5885864dbebc58b0fe92b09302859316,QSBP20BB*,6,"IDDI (Santo Domingo/Distrito Nacional)"
5885864dbebc58b0fe92b09302860df2,G0CA4V342,undefined,5885864dbebc58b0fe92b093028586f5,G0CA4V342,15,UCNE
5885864dbebc58b0fe92b09302853faa,C42AGQYH9,undefined,5885864dbebc58b0fe92b0930284740b,C42AGQYH9,15,UCNE
5885864dbebc58b0fe92b0930283b633,4AX1DYDZ1,undefined,5885864dbebc58b0fe92b09302839c64,4AX1DYDZ1,15,UCNE
5885864dbebc58b0fe92b09302836fd1,FK03CENW*,undefined,5885864dbebc58b0fe92b09302832ac8,FK03CENW*,15,UCNE
5885864dbebc58b0fe92b0930282a73d,WS6A7D4Q7,undefined,5885864dbebc58b0fe92b093028255d5,WS6A7D4Q7,15,UCNE
5885864dbebc58b0fe92b0930287e4ca,XREJBZS68,undefined,5885864dbebc58b0fe92b09302878fd4,XREJBZS68,15,UCNE
5885864dbebc58b0fe92b09302822edf,DM2Y76CHT,undefined,5885864dbebc58b0fe92b0930281b060,DM2Y76CHT,15,UCNE
5885864dbebc58b0fe92b09302873726,ZFDNQFQ5P,undefined,caccbfda3fc8bff8f77cd12a490299e4,ZFDNQFQ5P,23,Caminante
5885864dbebc58b0fe92b09302871bb2,3RZ26ZGH7,undefined,5885864dbebc58b0fe92b09302863dfa,3RZ26ZGH7,15,UCNE
5885864dbebc58b0fe92b09302816a94,J5VQJF4K5,undefined,5885864dbebc58b0fe92b0930280baf1,J5VQJF4K5,15,UCNE
5885864dbebc58b0fe92b0930285c7d9,SNE51JDX$,undefined,5885864dbebc58b0fe92b093028582e2,SNE51JDX$,15,UCNE
5885864dbebc58b0fe92b0930284ffa6,KV94VVJJB,undefined,5885864dbebc58b0fe92b0930284d537,KV94VVJJB,6,"IDDI (Santo Domingo/Distrito Nacional)"
5885864dbebc58b0fe92b0930280a984,A02VCP2DT,undefined,7490c674fdccd67b29a925de8ff43acd,A02VCP2DT,15,"Universidad Cat√≥lica Nordestana - UCNE"
5885864dbebc58b0fe92b0930280a984,A02VCP2DT,undefined,5885864dbebc58b0fe92b09302801b5e,A02VCP2DT,15,UCNE
5885864dbebc58b0fe92b0930284ce8e,MAM68Q5EQ,undefined,5885864dbebc58b0fe92b09302849672,MAM68Q5EQ,15,UCNE
5885864dbebc58b0fe92b0930284f2d7,B3BB16KS3,undefined,5885864dbebc58b0fe92b0930284c517,B3BB16KS3,18,"Casa Abierta"
5885864dbebc58b0fe92b0930284358f,6BWP6R2RG,undefined,5885864dbebc58b0fe92b0930283c63d,6BWP6R2RG,18,"Casa Abierta"
5885864dbebc58b0fe92b0930284288c,81TJTKRW1,undefined,5885864dbebc58b0fe92b0930283c3f2,81TJTKRW1,15,UCNE
5885864dbebc58b0fe92b093027e4ed6,NGGK3BMWJ,undefined,5885864dbebc58b0fe92b093027dba58,NGGK3BMWJ,15,UCNE
5885864dbebc58b0fe92b09302824780,ZYF4Q122A,undefined,5885864dbebc58b0fe92b0930280ca22,ZYF4Q122A,23,Caminante
5885864dbebc58b0fe92b093028381bc,1WVCDJEZC,undefined,5885864dbebc58b0fe92b09302836aa6,1WVCDJEZC,15,UCNE
5885864dbebc58b0fe92b093027d83d2,92EAQRQW*,undefined,5885864dbebc58b0fe92b093027d4441,92EAQRQW*,15,UCNE
5885864dbebc58b0fe92b09302832751,RNH8N625*,undefined,5885864dbebc58b0fe92b09302830f6a,RNH8N625*,6,"IDDI (Santo Domingo/Distrito Nacional)"
5885864dbebc58b0fe92b0930283020d,K58FN0R0W,undefined,5885864dbebc58b0fe92b093028243bc,K58FN0R0W,4,"Profamilia (Santo Domingo/Santo Domingo Norte)"
5885864dbebc58b0fe92b093028194be,X57BPNB9P,undefined,5885864dbebc58b0fe92b0930280bc82,X57BPNB9P,4,"Profamilia (Santo Domingo/Santo Domingo Norte)"
5885864dbebc58b0fe92b09302831836,JX4Q1N7CV,undefined,5885864dbebc58b0fe92b093028262bd,JX4Q1N7CV,20,CEFASA
5885864dbebc58b0fe92b093027d2be7,7E2N9TYPA,undefined,5885864dbebc58b0fe92b093027d09db,7E2N9TYPA,15,UCNE
5885864dbebc58b0fe92b0930283264b,7QJFFC8C8,undefined,5885864dbebc58b0fe92b09302825c72,7QJFFC8C8,15,UCNE
5885864dbebc58b0fe92b0930286ee1a,EZEY924TZ,undefined,5885864dbebc58b0fe92b0930286402e,EZEY924TZ,18,"Casa Abierta"
5885864dbebc58b0fe92b093027bfc28,W4B9EH81S,undefined,5885864dbebc58b0fe92b093027bd622,W4B9EH81S,15,UCNE
5885864dbebc58b0fe92b0930281ee3a,9KW9D73VN,undefined,5885864dbebc58b0fe92b0930281a34f,9KW9D73VN,6,"IDDI (Santo Domingo/Distrito Nacional)"
5885864dbebc58b0fe92b09302822000,W74WBVBZ1,undefined,5885864dbebc58b0fe92b0930281ad82,W74WBVBZ1,18,"Casa Abierta"
5885864dbebc58b0fe92b093028219dd,6GCECC5M9,undefined,5885864dbebc58b0fe92b09302819ec9,6GCECC5M9,15,UCNE
5885864dbebc58b0fe92b0930280a449,AFD0ZE5WG,undefined,5885864dbebc58b0fe92b093027fffd2,AFD0ZE5WG,4,"Profamilia (Santo Domingo/Santo Domingo Norte)"
5885864dbebc58b0fe92b09302808d57,PN9NZYMHG,undefined,5885864dbebc58b0fe92b09302800ecc,PN9NZYMHG,6,"IDDI (Santo Domingo/Distrito Nacional)"
5885864dbebc58b0fe92b09302812e3f,NMA9EYBD0,undefined,5885864dbebc58b0fe92b0930280ac6f,NMA9EYBD0,18,"Casa Abierta"
5885864dbebc58b0fe92b09302813eb0,S7K534HZW,undefined,5885864dbebc58b0fe92b0930280c1d4,S7K534HZW,15,UCNE
5885864dbebc58b0fe92b09302858213,M42M3S1KK,undefined,5885864dbebc58b0fe92b093028516da,M42M3S1KK,18,"Casa Abierta"
5885864dbebc58b0fe92b093027b5324,5G616QF1V,undefined,5885864dbebc58b0fe92b093027b44d5,5G616QF1V,15,UCNE
5885864dbebc58b0fe92b093027fe7f7,Z4XZYQSVU,undefined,5885864dbebc58b0fe92b093027d89f2,Z4XZYQSVU,15,UCNE
5885864dbebc58b0fe92b093027f89a9,YWZHHAPDD,undefined,5885864dbebc58b0fe92b093027f3838,YWZHHAPDD,4,"Profamilia (Santo Domingo/Santo Domingo Norte)"
5885864dbebc58b0fe92b093027fe186,PQCGTJQKQ,undefined,5885864dbebc58b0fe92b093027f92a7,PQCGTJQKQ,6,"IDDI (Santo Domingo/Distrito Nacional)"
5885864dbebc58b0fe92b093027fbb92,HVETZRTF~,undefined,5885864dbebc58b0fe92b093027f7cf9,HVETZRTF~,18,"Casa Abierta"
5885864dbebc58b0fe92b093027dac99,GN81W2KB6,undefined,5885864dbebc58b0fe92b093027d95f5,GN81W2KB6,15,UCNE
5885864dbebc58b0fe92b093027b07ca,P810B375A,undefined,5885864dbebc58b0fe92b093027991e8,P810B375A,15,UCNE
5885864dbebc58b0fe92b09302842c4f,MHZKHE898,undefined,5885864dbebc58b0fe92b0930283b6bb,MHZKHE898,18,"Casa Abierta"
5885864dbebc58b0fe92b0930279471b,1A2QDG8GC,undefined,5885864dbebc58b0fe92b09302793139,1A2QDG8GC,15,UCNE
5885864dbebc58b0fe92b093027f3955,WQJQBTJ2J,undefined,5885864dbebc58b0fe92b093027edf5e,WQJQBTJ2J,20,CEFASA
5885864dbebc58b0fe92b093027d8cde,67ANF8VS2,undefined,4d8e0ce3cd314420991f391c339206a4,67ANF8VS2,4,"Profamilia (Santo Domingo#Santo Domingo Norte)"
5885864dbebc58b0fe92b09302791a56,6TS3P5152,undefined,5885864dbebc58b0fe92b0930278d418,6TS3P5152,15,UCNE
5885864dbebc58b0fe92b093027e69bb,8QFBACEES,undefined,5885864dbebc58b0fe92b093027da6b8,8QFBACEES,18,"Casa Abierta"
5885864dbebc58b0fe92b093027cfab5,GFA7QCGM4,undefined,5885864dbebc58b0fe92b093027caf0d,GFA7QCGM4,18,"Casa Abierta"
5885864dbebc58b0fe92b093028253d6,1SHD2K84Z,undefined,5885864dbebc58b0fe92b09302823643,1SHD2K84Z,18,"Casa Abierta"
5885864dbebc58b0fe92b0930278c3c7,D1EFSMZMC,undefined,5885864dbebc58b0fe92b0930278b97f,D1EFSMZMC,15,UCNE
5885864dbebc58b0fe92b093027c7eb2,BB5KDR0B6,undefined,5885864dbebc58b0fe92b093027be1e1,BB5KDR0B6,15,UCNE
5885864dbebc58b0fe92b093027c77e8,NGDNZBJ2Q,undefined,5885864dbebc58b0fe92b093027c04dc,NGDNZBJ2Q,4,"Profamilia (Santo Domingo/Santo Domingo Norte)"
5885864dbebc58b0fe92b0930278b22b,1PH8ZRB0E,undefined,5885864dbebc58b0fe92b09302789ee7,1PH8ZRB0E,15,UCNE
5885864dbebc58b0fe92b09302789211,2DPE6DEMG,undefined,5885864dbebc58b0fe92b0930278550a,2DPE6DEMG,15,UCNE
5885864dbebc58b0fe92b093027c079f,J9CM44PX9,undefined,5885864dbebc58b0fe92b093027be958,J9CM44PX9,18,"Casa Abierta"
5885864dbebc58b0fe92b0930281512f,TXQCKK0D4,undefined,5885864dbebc58b0fe92b09302812122,TXQCKK0D4,18,"Casa Abierta"
5885864dbebc58b0fe92b093027bd4a5,FMJPFB569,undefined,5885864dbebc58b0fe92b093027b5fef,FMJPFB569,4,"Profamilia (Santo Domingo/Santo Domingo Norte)"
5885864dbebc58b0fe92b093027bc54c,M7J99YD8G,undefined,5885864dbebc58b0fe92b093027b67b0,M7J99YD8G,18,"Casa Abierta"
5885864dbebc58b0fe92b09302799ba7,Z8NBKJ7DZ,undefined,5885864dbebc58b0fe92b0930279555b,Z8NBKJ7DZ,4,"Profamilia (Santo Domingo/Santo Domingo Norte)"
5885864dbebc58b0fe92b09302782f24,1KAYNGFSZ,undefined,5885864dbebc58b0fe92b093027814c3,1KAYNGFSZ,15,UCNE
5885864dbebc58b0fe92b09302780fb8,0YCHWNW0E,undefined,5885864dbebc58b0fe92b0930277f81e,0YCHWNW0E,15,UCNE
5885864dbebc58b0fe92b0930277dbb0,RBYYG2JN0,undefined,5885864dbebc58b0fe92b0930277696a,RBYYG2JN0,4,"Profamilia (Santo Domingo/Santo Domingo Norte)"
5885864dbebc58b0fe92b0930277f261,276ZRFSVF,undefined,5885864dbebc58b0fe92b0930277e00c,276ZRFSVF,15,UCNE
5885864dbebc58b0fe92b09302776218,1G8PSVWAJ,undefined,5885864dbebc58b0fe92b09302772931,1G8PSVWAJ,15,UCNE
5885864dbebc58b0fe92b09302775d46,YPHHPZA0N,undefined,5885864dbebc58b0fe92b09302771c25,YPHHPZA0N,4,"Profamilia (Santo Domingo/Santo Domingo Norte)"
5885864dbebc58b0fe92b093027714f0,0C9TBS9TZ,undefined,5885864dbebc58b0fe92b0930276fce5,0C9TBS9TZ,15,UCNE
5885864dbebc58b0fe92b09302735815,WH5GDACG2,undefined,5885864dbebc58b0fe92b093027312be,WH5GDACG2,15,UCNE
5885864dbebc58b0fe92b0930276e26c,NG1BEFGG0,undefined,5885864dbebc58b0fe92b093027657d2,NG1BEFGG0,18,"Casa Abierta"
5885864dbebc58b0fe92b093027648b8,BX397MHF~,undefined,5885864dbebc58b0fe92b0930275efc7,BX397MHF~,,
5885864dbebc58b0fe92b0930275d0c9,7ZA49CPV9,undefined,5885864dbebc58b0fe92b0930275b3a4,7ZA49CPV9,18,"Casa Abierta"
5885864dbebc58b0fe92b09302753b9f,CZM5AYVXA,undefined,5885864dbebc58b0fe92b0930274b17d,CZM5AYVXA,15,UCNE
5885864dbebc58b0fe92b0930275a8cf,WFH861T24,undefined,5885864dbebc58b0fe92b09302758155,WFH861T24,18,"Casa Abierta"
5885864dbebc58b0fe92b0930274dcb1,0Q6QWND9S,undefined,5885864dbebc58b0fe92b0930274a6b2,0Q6QWND9S,38,"Accion Callejera"
5885864dbebc58b0fe92b0930273b5c5,9BG9YNGMZ,undefined,5885864dbebc58b0fe92b09302736a68,9BG9YNGMZ,15,UCNE
5885864dbebc58b0fe92b093027453d7,ZZ44DN038,undefined,5885864dbebc58b0fe92b0930273bff0,ZZ44DN038,18,"Casa Abierta"
5885864dbebc58b0fe92b09302734b7b,YJ6YEM076,undefined,5885864dbebc58b0fe92b0930272f8e9,YJ6YEM076,18,"Casa Abierta"
5885864dbebc58b0fe92b093027458e3,4F81Q5TRM,undefined,5885864dbebc58b0fe92b09302737312,4F81Q5TRM,4,"Profamilia (Santo Domingo/Santo Domingo Norte)"
5885864dbebc58b0fe92b09302723257,63SDZT1C4,undefined,5885864dbebc58b0fe92b0930271eab2,63SDZT1C4,,
5885864dbebc58b0fe92b0930270b382,DV3ENXY7P,undefined,5885864dbebc58b0fe92b09302706854,DV3ENXY7P,,
5885864dbebc58b0fe92b093027054d6,869GAG280,undefined,5885864dbebc58b0fe92b09302704b86,869GAG280,18,"Casa Abierta"
5885864dbebc58b0fe92b09302700f9f,4S7GBRFN5,undefined,5885864dbebc58b0fe92b093026f9f23,4S7GBRFN5,,
5885864dbebc58b0fe92b093026f5da6,2K19AE27Z,undefined,5885864dbebc58b0fe92b093026f29fb,2K19AE27Z,18,"Casa Abierta"
5885864dbebc58b0fe92b093026ebc25,GJ5626KDT,undefined,5885864dbebc58b0fe92b093026e1e47,GJ5626KDT,18,"Casa Abierta"
5885864dbebc58b0fe92b093026c8e78,AYTHJGXFW,undefined,5885864dbebc58b0fe92b093026c4d78,AYTHJGXFW,18,"Casa Abierta"
5885864dbebc58b0fe92b0930268b333,4KGPBW0MA,undefined,5885864dbebc58b0fe92b09302688d16,4KGPBW0MA,15,UCNE
5885864dbebc58b0fe92b093026826aa,NFEQK2VTM,undefined,5885864dbebc58b0fe92b0930267f1a3,NFEQK2VTM,15,UCNE
5885864dbebc58b0fe92b093026bbc1b,6AD5CDMMQ,undefined,5885864dbebc58b0fe92b09302ff7c22,6AD5CDMMQ,23,Caminante
5885864dbebc58b0fe92b093026c0cae,GDD3A9P9D,undefined,5885864dbebc58b0fe92b093026bc1bb,GDD3A9P9D,18,"Casa Abierta"
5885864dbebc58b0fe92b09302674c2a,N9RM06E3K,undefined,5885864dbebc58b0fe92b0930267228d,N9RM06E3K,15,UCNE
5885864dbebc58b0fe92b093026a034c,5DPPEDMVH,undefined,5885864dbebc58b0fe92b09302698f21,5DPPEDMVH,15,UCNE
5885864dbebc58b0fe92b09302697713,7KWKAM5R1,undefined,5885864dbebc58b0fe92b093026941bc,7KWKAM5R1,18,"Casa Abierta"
5885864dbebc58b0fe92b09302694004,05GW81XME,undefined,5885864dbebc58b0fe92b0930269088d,05GW81XME,15,UCNE
5885864dbebc58b0fe92b093026557dd,DJT7XJJJN,undefined,5885864dbebc58b0fe92b0930264fa96,DJT7XJJJN,15,UCNE
5885864dbebc58b0fe92b0930268f4d7,7R7QFXQGA,undefined,5885864dbebc58b0fe92b09302689c88,7R7QFXQGA,18,"Casa Abierta"
5885864dbebc58b0fe92b093026894fd,MYWYQ9S36,undefined,5885864dbebc58b0fe92b093026873f5,MYWYQ9S36,15,UCNE
5885864dbebc58b0fe92b09302648b95,K88S3K09T,undefined,5885864dbebc58b0fe92b09302641d49,K88S3K09T,15,UCNE
5885864dbebc58b0fe92b09302687230,BTZRN9JQ*,undefined,5885864dbebc58b0fe92b09302682ad3,BTZRN9JQ*,,
5885864dbebc58b0fe92b09302638ea4,9Y3JMNRN6,undefined,5885864dbebc58b0fe92b093026384fe,9Y3JMNRN6,15,UCNE
5885864dbebc58b0fe92b0930267e441,22P4S72VY,undefined,5885864dbebc58b0fe92b09302675bbc,22P4S72VY,15,UCNE
5885864dbebc58b0fe92b093026798c2,YKKNSQ027,undefined,5885864dbebc58b0fe92b09302675866,YKKNSQ027,18,"Casa Abierta"
5885864dbebc58b0fe92b0930262de12,ZZ9C6KAB8,undefined,5885864dbebc58b0fe92b09302622d9c,ZZ9C6KAB8,15,UCNE
5885864dbebc58b0fe92b09302671712,H3RRR1KTV,undefined,5885864dbebc58b0fe92b0930266f7d5,H3RRR1KTV,15,UCNE
5885864dbebc58b0fe92b0930266eb6a,FNS4RDSCS,undefined,5885864dbebc58b0fe92b09302669c4d,FNS4RDSCS,18,"Casa Abierta"
5885864dbebc58b0fe92b0930265a8e7,DE85BQ37Z,undefined,5885864dbebc58b0fe92b09302656efe,DE85BQ37Z,15,UCNE
5885864dbebc58b0fe92b0930266027d,92YSV3YCY,undefined,5885864dbebc58b0fe92b0930265b6eb,92YSV3YCY,15,UCNE
5885864dbebc58b0fe92b093026217ff,GH5RBYRJV,undefined,5885864dbebc58b0fe92b093026206ea,GH5RBYRJV,15,UCNE
5885864dbebc58b0fe92b0930261a350,NFMGC1XK2,undefined,5885864dbebc58b0fe92b09302618306,NFMGC1XK2,15,UCNE
5885864dbebc58b0fe92b093026372da,HTSH7XDKZ,undefined,5885864dbebc58b0fe92b09302627389,HTSH7XDKZ,15,UCNE
5885864dbebc58b0fe92b0930264d5e4,0SZ1B9WNZ,undefined,5885864dbebc58b0fe92b093026479d9,0SZ1B9WNZ,23,Caminante
5885864dbebc58b0fe92b093026116d3,C88AT59Z=,undefined,5885864dbebc58b0fe92b0930260cd42,C88AT59Z=,15,UCNE
5885864dbebc58b0fe92b09302602e1a,5HQ3P4KT9,undefined,5885864dbebc58b0fe92b09302600d1d,5HQ3P4KT9,15,UCNE
5885864dbebc58b0fe92b093025f7809,G7J77VHK3,undefined,5885864dbebc58b0fe92b093025f36bb,G7J77VHK3,15,UCNE
5885864dbebc58b0fe92b0930260c328,9K469VX5Z,undefined,5885864dbebc58b0fe92b093026067de,9K469VX5Z,15,UCNE
5885864dbebc58b0fe92b093025d334f,YNGYBK62U,undefined,5885864dbebc58b0fe92b093025d0575,YNGYBK62U,15,UCNE
5885864dbebc58b0fe92b093025d0545,CT8DREPAJ,undefined,5885864dbebc58b0fe92b093025cc0b7,CT8DREPAJ,15,UCNE
5885864dbebc58b0fe92b093025cb3d1,988HCT0T8,undefined,5885864dbebc58b0fe92b093025c7c95,988HCT0T8,15,UCNE
5885864dbebc58b0fe92b093025c6cb3,X9ZJ750GM,undefined,5885864dbebc58b0fe92b093025c4602,X9ZJ750GM,15,UCNE
5885864dbebc58b0fe92b093025c3c20,435Z2KEN2,undefined,5885864dbebc58b0fe92b093025c1c57,435Z2KEN2,15,UCNE
5885864dbebc58b0fe92b093025bc803,GJ6JAJJG9,undefined,5885864dbebc58b0fe92b093025b9e01,GJ6JAJJG9,15,UCNE
5885864dbebc58b0fe92b093025b5d48,WYAVGT57Y,undefined,5885864dbebc58b0fe92b093025b11d8,WYAVGT57Y,15,UCNE
5885864dbebc58b0fe92b093025ab567,HS6K30GBD,undefined,5885864dbebc58b0fe92b093025aa223,HS6K30GBD,15,UCNE
5885864dbebc58b0fe92b0930259a7bd,D1AEYD7Z7,undefined,5885864dbebc58b0fe92b09302599b06,D1AEYD7Z7,15,UCNE
5885864dbebc58b0fe92b0930256d1e7,E8MGZYAPG,undefined,5885864dbebc58b0fe92b0930256c208,E8MGZYAPG,15,UCNE
5885864dbebc58b0fe92b0930253c538,T8RYHCF15,undefined,5885864dbebc58b0fe92b093025396b2,T8RYHCF15,15,UCNE
5885864dbebc58b0fe92b093025373d7,DKZ759H9H,undefined,5885864dbebc58b0fe92b0930253538e,DKZ759H9H,15,UCNE
5885864dbebc58b0fe92b09302522d43,MH4C5J70K,undefined,5885864dbebc58b0fe92b0930251e56d,MH4C5J70K,15,UCNE
5885864dbebc58b0fe92b0930251b319,XPZ9BE9R=,undefined,5885864dbebc58b0fe92b09302518b2f,XPZ9BE9R=,15,UCNE
5885864dbebc58b0fe92b093024d4681,M7FXS7A5E,undefined,5885864dbebc58b0fe92b093024d3be8,M7FXS7A5E,15,UCNE
5885864dbebc58b0fe92b093024d0e40,0JVBG09S6,undefined,5885864dbebc58b0fe92b093024cfbc5,0JVBG09S6,15,UCNE
5885864dbebc58b0fe92b093024cbd58,56HV8D6S9,undefined,5885864dbebc58b0fe92b093024caea5,56HV8D6S9,15,UCNE
5885864dbebc58b0fe92b093024c3351,VZJ46WY76,undefined,5885864dbebc58b0fe92b093024bf731,VZJ46WY76,15,UCNE
5885864dbebc58b0fe92b09302409af1,KD78K4YYY,undefined,5885864dbebc58b0fe92b0930240896f,KD78K4YYY,15,UCNE
5885864dbebc58b0fe92b093023fae98,GF88BTG1F,undefined,5885864dbebc58b0fe92b093023f64ff,GF88BTG1F,15,UCNE
5885864dbebc58b0fe92b093023f188e,XG8E068ZA,undefined,5885864dbebc58b0fe92b093023ec6bc,XG8E068ZA,15,UCNE
5885864dbebc58b0fe92b093023ea75c,VT0HYB02~,undefined,5885864dbebc58b0fe92b093023e88ff,VT0HYB02~,15,UCNE
5885864dbebc58b0fe92b093023d3a34,K1KRKAQ29,undefined,5885864dbebc58b0fe92b093023d13c8,K1KRKAQ29,15,UCNE
5885864dbebc58b0fe92b093023c5cfd,B88TDP8W6,undefined,5885864dbebc58b0fe92b093023c5401,B88TDP8W6,15,UCNE
5885864dbebc58b0fe92b093023c48ed,R3RGW7RY6,undefined,5885864dbebc58b0fe92b093023c3128,R3RGW7RY6,15,UCNE
5885864dbebc58b0fe92b093023c1d5a,7RWTTBBT*,undefined,5885864dbebc58b0fe92b093023c128f,7RWTTBBT*,4,"Profamilia (Santo Domingo/Santo Domingo Norte)"
5885864dbebc58b0fe92b093023b63e3,AZ3N59CNZ,undefined,5885864dbebc58b0fe92b093023b5c05,AZ3N59CNZ,15,UCNE
5885864dbebc58b0fe92b093023a7c0c,YC6MAT57D,undefined,5885864dbebc58b0fe92b093023a6fd9,YC6MAT57D,15,UCNE
5885864dbebc58b0fe92b093023a1e23,451K4JR8R,undefined,5885864dbebc58b0fe92b09302399c5a,451K4JR8R,15,UCNE
5885864dbebc58b0fe92b093023b7606,KWF2XFY25,undefined,5885864dbebc58b0fe92b093023b6962,KWF2XFY25,4,"Profamilia (Santo Domingo/Santo Domingo Norte)"
5885864dbebc58b0fe92b093023997a2,FS2XWBY83,undefined,91cdecde33731a3c0cbbaa6c19cb7c88,FS2XWBY83,15,"Universidad Cat√≥lica Nordestana - UCNE"
5885864dbebc58b0fe92b093023997a2,FS2XWBY83,undefined,5885864dbebc58b0fe92b09302397fe2,FS2XWBY83,15,UCNE
5885864dbebc58b0fe92b093023b53a9,G9YJSB3C2,undefined,5885864dbebc58b0fe92b093023ab677,G9YJSB3C2,4,"Profamilia (Santo Domingo/Santo Domingo Norte)"
5885864dbebc58b0fe92b093023ab5c8,VBG2NNPVN,undefined,5885864dbebc58b0fe92b093023a858f,VBG2NNPVN,4,"Profamilia (Santo Domingo/Santo Domingo Norte)"
5885864dbebc58b0fe92b093023a60a1,GG51JPKQS,undefined,5885864dbebc58b0fe92b093023a2869,GG51JPKQS,4,"Profamilia (Santo Domingo/Santo Domingo Norte)"
5885864dbebc58b0fe92b093023a189e,069Q4ZBJP,undefined,5885864dbebc58b0fe92b0930239a3a6,069Q4ZBJP,4,"Profamilia (Santo Domingo/Santo Domingo Norte)"
5885864dbebc58b0fe92b093023963a1,E22DNWAX*,undefined,5885864dbebc58b0fe92b0930239437f,E22DNWAX*,4,"Profamilia (Santo Domingo/Santo Domingo Norte)"
5885864dbebc58b0fe92b09302393426,WASC4XXA0,undefined,5885864dbebc58b0fe92b09302392477,WASC4XXA0,4,"Profamilia (Santo Domingo/Santo Domingo Norte)"
5885864dbebc58b0fe92b093023915ba,PPPFG1F8$,undefined,5885864dbebc58b0fe92b09302390f7b,PPPFG1F8$,4,"Profamilia (Santo Domingo/Santo Domingo Norte)"
5885864dbebc58b0fe92b0930238e0fe,2DNHMWY5Z,undefined,5885864dbebc58b0fe92b09302e65c15,2DNHMWY5Z,4,"Profamilia (Santo Domingo#Santo Domingo Norte)"
5885864dbebc58b0fe92b093023860bd,83JVKG8Y6,undefined,5885864dbebc58b0fe92b093023858cb,83JVKG8Y6,4,"Profamilia (Santo Domingo/Santo Domingo Norte)"
5885864dbebc58b0fe92b093023803cf,F0GXGYK72,undefined,5885864dbebc58b0fe92b093023752c7,F0GXGYK72,15,UCNE
5885864dbebc58b0fe92b09302374c81,ZWGF2YVMS,undefined,5885864dbebc58b0fe92b0930236af29,ZWGF2YVMS,15,UCNE
5885864dbebc58b0fe92b09302382625,VHDDC1H6M,undefined,5885864dbebc58b0fe92b0930237e087,VHDDC1H6M,4,"Profamilia (Santo Domingo/Santo Domingo Norte)"
5885864dbebc58b0fe92b0930237df59,JR7BM1186,undefined,5885864dbebc58b0fe92b09302375593,JR7BM1186,4,"Profamilia (Santo Domingo/Santo Domingo Norte)"
5885864dbebc58b0fe92b09302374531,NHDT87PG8,undefined,5885864dbebc58b0fe92b0930236ce90,NHDT87PG8,4,"Profamilia (Santo Domingo/Santo Domingo Norte)"
5885864dbebc58b0fe92b0930236ac71,KR3ZCVE0U,undefined,5885864dbebc58b0fe92b0930236a643,KR3ZCVE0U,4,"Profamilia (Santo Domingo/Santo Domingo Norte)"
5885864dbebc58b0fe92b09302362eb1,5343N73M8,undefined,5885864dbebc58b0fe92b093023621bb,5343N73M8,15,UCNE
5885864dbebc58b0fe92b0930235df1b,GZ6XQJKP1,undefined,5885864dbebc58b0fe92b0930235aecb,GZ6XQJKP1,15,UCNE
5885864dbebc58b0fe92b093023681db,V1X54PQ0M,undefined,5885864dbebc58b0fe92b09302364b7f,V1X54PQ0M,4,"Profamilia (Santo Domingo/Santo Domingo Norte)"
5885864dbebc58b0fe92b09302359a46,4V8NR1G6V,undefined,5885864dbebc58b0fe92b093023555a8,4V8NR1G6V,4,"Profamilia (Santo Domingo/Santo Domingo Norte)"
5885864dbebc58b0fe92b093023505a0,3V1THDVXZ,undefined,5885864dbebc58b0fe92b0930234e215,3V1THDVXZ,4,"Profamilia (Santo Domingo/Santo Domingo Norte)"
5885864dbebc58b0fe92b0930234be49,TZDV029SJ,undefined,5885864dbebc58b0fe92b0930234b7d0,TZDV029SJ,10,"IDDI (Puerto Plata)"
5885864dbebc58b0fe92b0930234b447,P51PW23DR,undefined,5885864dbebc58b0fe92b0930234ac4c,P51PW23DR,10,"IDDI (Puerto Plata)"
5885864dbebc58b0fe92b0930234a2fa,B148K5E3Q,undefined,5885864dbebc58b0fe92b09302348d27,B148K5E3Q,10,"IDDI (Puerto Plata)"
5885864dbebc58b0fe92b09302347686,8EJK9P8FV,undefined,5885864dbebc58b0fe92b09302336d44,8EJK9P8FV,10,"IDDI (Puerto Plata)"
5885864dbebc58b0fe92b09302335b0b,F1EM0905Q,undefined,5885864dbebc58b0fe92b0930233551f,F1EM0905Q,10,"IDDI (Puerto Plata)"
5885864dbebc58b0fe92b09302333007,05FKZ9RG3,undefined,5885864dbebc58b0fe92b09302329fc3,05FKZ9RG3,10,"IDDI (Puerto Plata)"
5885864dbebc58b0fe92b09302329683,819Z56B6W,undefined,5885864dbebc58b0fe92b0930232916f,819Z56B6W,15,UCNE
5885864dbebc58b0fe92b09302321d56,7GKDY3DMS,undefined,5885864dbebc58b0fe92b09302320099,7GKDY3DMS,15,UCNE
5885864dbebc58b0fe92b0930231f31b,4NCZJ3B5B,undefined,5885864dbebc58b0fe92b0930231ef77,4NCZJ3B5B,15,UCNE
5885864dbebc58b0fe92b0930231edc6,BZP5WAM7*,undefined,5885864dbebc58b0fe92b0930231ded7,BZP5WAM7*,15,UCNE
5885864dbebc58b0fe92b09302317fac,TZC41FNXC,undefined,5885864dbebc58b0fe92b09302316594,TZC41FNXC,15,UCNE
5885864dbebc58b0fe92b0930230db7a,WFD1VTQEE,undefined,5885864dbebc58b0fe92b0930230a7f2,WFD1VTQEE,15,UCNE
5885864dbebc58b0fe92b093022e0890,HYJ5ZF4C1,undefined,5885864dbebc58b0fe92b093022dfb89,HYJ5ZF4C1,15,UCNE
5885864dbebc58b0fe92b093022fe19f,8GD2ZYK4W,undefined,5885864dbebc58b0fe92b093022fd0f2,8GD2ZYK4W,15,UCNE
5885864dbebc58b0fe92b093022d7ac2,R5PSWY89Z,undefined,5885864dbebc58b0fe92b093022d343b,R5PSWY89Z,15,UCNE
5885864dbebc58b0fe92b093022cd4bb,N2VMWB587,undefined,5885864dbebc58b0fe92b093022cd3fe,N2VMWB587,15,UCNE
5885864dbebc58b0fe92b093022cc395,P6HCZ4NZ=,undefined,5885864dbebc58b0fe92b093022cb268,P6HCZ4NZ=,15,UCNE
5885864dbebc58b0fe92b093022ced1f,T8HT81ENG,undefined,5885864dbebc58b0fe92b093022ce046,T8HT81ENG,10,"IDDI (Puerto Plata)"
5885864dbebc58b0fe92b093022cdbb6,9YF8SB0SG,undefined,5885864dbebc58b0fe92b093022cd822,9YF8SB0SG,10,"IDDI (Puerto Plata)"
5885864dbebc58b0fe92b093022cd038,8G6WVH78Q,undefined,5885864dbebc58b0fe92b093022cb7f2,8G6WVH78Q,10,"IDDI (Puerto Plata)"
5885864dbebc58b0fe92b0930229b45a,ZEHJ12QJS,undefined,5885864dbebc58b0fe92b0930229a4f9,ZEHJ12QJS,15,UCNE
5885864dbebc58b0fe92b093022b0f9b,X11ZTMJXF,undefined,5885864dbebc58b0fe92b093022b027d,X11ZTMJXF,15,UCNE
5885864dbebc58b0fe92b093022a093a,EJA2DXC0Z,undefined,5885864dbebc58b0fe92b0930229fad8,EJA2DXC0Z,15,UCNE
5885864dbebc58b0fe92b0930227521b,YBR97BWBU,undefined,5885864dbebc58b0fe92b09302270fab,YBR97BWBU,6,"IDDI (Santo Domingo/Distrito Nacional)"
5885864dbebc58b0fe92b0930223e790,KB37RABVY,undefined,5885864dbebc58b0fe92b0930223e319,KB37RABVY,15,UCNE
5885864dbebc58b0fe92b0930223d3f7,1QQX6VPK6,undefined,5885864dbebc58b0fe92b0930223c7c5,1QQX6VPK6,15,UCNE
5885864dbebc58b0fe92b0930223c679,N8QR8NBE2,undefined,5885864dbebc58b0fe92b0930223b7d3,N8QR8NBE2,15,UCNE
5885864dbebc58b0fe92b0930223a96b,8VBM23R0=,undefined,5885864dbebc58b0fe92b09302239cb5,8VBM23R0=,15,UCNE
5885864dbebc58b0fe92b09302238f40,KZ0F0ZD9Z,undefined,5885864dbebc58b0fe92b0930223538e,KZ0F0ZD9Z,15,UCNE
5885864dbebc58b0fe92b09302234ca0,A6W62K5JB,undefined,5885864dbebc58b0fe92b0930223489a,A6W62K5JB,15,UCNE
5885864dbebc58b0fe92b0930223431c,26A9TGH2U,undefined,5885864dbebc58b0fe92b093022342ef,26A9TGH2U,15,UCNE
5885864dbebc58b0fe92b09302223004,A28R244QJ,undefined,5885864dbebc58b0fe92b09302222af8,A28R244QJ,15,UCNE
5885864dbebc58b0fe92b0930222e738,JHCMXEY02,undefined,5885864dbebc58b0fe92b0930222b17f,JHCMXEY02,15,UCNE
5885864dbebc58b0fe92b09302219f97,0JXCDRWT=,undefined,5885864dbebc58b0fe92b093022192a3,0JXCDRWT=,15,UCNE
5885864dbebc58b0fe92b0930220cdfe,27668226$,undefined,5885864dbebc58b0fe92b0930220c42e,27668226$,15,UCNE
5885864dbebc58b0fe92b0930220c12b,91GVJCX89,undefined,5885864dbebc58b0fe92b0930220b498,91GVJCX89,15,UCNE
5885864dbebc58b0fe92b0930220eac2,FZW4C7H0K,undefined,5885864dbebc58b0fe92b0930220dd64,FZW4C7H0K,15,UCNE
5885864dbebc58b0fe92b0930220d647,CMB80DQSM,undefined,5885864dbebc58b0fe92b0930220c1bd,CMB80DQSM,15,UCNE
5885864dbebc58b0fe92b093022064ea,30FBBN2MW,undefined,5885864dbebc58b0fe92b09302204466,30FBBN2MW,10,"IDDI (Puerto Plata)"
5885864dbebc58b0fe92b093021fb0f6,8AJXQYM5S,undefined,5885864dbebc58b0fe92b093021fab5c,8AJXQYM5S,15,UCNE
5885864dbebc58b0fe92b093021f9985,91D0EFV8D,undefined,5885864dbebc58b0fe92b093021f8c49,91D0EFV8D,15,UCNE
5885864dbebc58b0fe92b093021f8918,Y3K67MG7Y,undefined,5885864dbebc58b0fe92b093021f7ffb,Y3K67MG7Y,15,UCNE
5885864dbebc58b0fe92b093021f6397,QA34AYKQK,undefined,5885864dbebc58b0fe92b093021f4579,QA34AYKQK,15,UCNE
5885864dbebc58b0fe92b093021e76dc,1QBDB81ZZ,undefined,5885864dbebc58b0fe92b093021e74ef,1QBDB81ZZ,15,UCNE
5885864dbebc58b0fe92b093021e7103,VSB0XCMK7,undefined,5885864dbebc58b0fe92b093021e7016,VSB0XCMK7,15,UCNE
5885864dbebc58b0fe92b093021e6275,9GPXEQQY3,undefined,5885864dbebc58b0fe92b093021e4940,9GPXEQQY3,15,UCNE
5885864dbebc58b0fe92b093021e234c,MTY1Y0J8M,undefined,5885864dbebc58b0fe92b093021e14f2,MTY1Y0J8M,15,UCNE
5885864dbebc58b0fe92b093021de45c,YAGGY03D~,undefined,5885864dbebc58b0fe92b093021dda46,YAGGY03D~,15,UCNE
5885864dbebc58b0fe92b093021dbe69,BCVJ4WBJA,undefined,5885864dbebc58b0fe92b093021db124,BCVJ4WBJA,15,UCNE
5885864dbebc58b0fe92b093021da880,5HGV7G09W,undefined,5885864dbebc58b0fe92b093021d9d16,5HGV7G09W,15,UCNE
5885864dbebc58b0fe92b093021d9188,FJDSBT548,undefined,5885864dbebc58b0fe92b093021d832d,FJDSBT548,15,UCNE
5885864dbebc58b0fe92b093021d7797,RSCF5SHX4,undefined,5885864dbebc58b0fe92b093021d736d,RSCF5SHX4,15,UCNE
5885864dbebc58b0fe92b093021e424a,3ATBD5CY1,undefined,5885864dbebc58b0fe92b0930228eec9,3ATBD5CY1,10,"IDDI (Puerto Plata)"
5885864dbebc58b0fe92b093021c36ad,ZT3RACHVG,undefined,5885864dbebc58b0fe92b093021c317f,ZT3RACHVG,15,UCNE
5885864dbebc58b0fe92b093021c2f14,59C0KTPW~,undefined,5885864dbebc58b0fe92b093021c288e,59C0KTPW~,15,UCNE
5885864dbebc58b0fe92b093021c2342,8R3K9EAZD,undefined,5885864dbebc58b0fe92b093021c223a,8R3K9EAZD,15,UCNE
5885864dbebc58b0fe92b093021c12ba,GCFST9CHA,undefined,5885864dbebc58b0fe92b093021c0e9f,GCFST9CHA,15,UCNE
5885864dbebc58b0fe92b093021c0684,7F9PNF39N,undefined,5885864dbebc58b0fe92b093021bf91e,7F9PNF39N,15,UCNE
5885864dbebc58b0fe92b093021bf403,PHP2ADJ3S,undefined,5885864dbebc58b0fe92b093021be688,PHP2ADJ3S,15,UCNE
5885864dbebc58b0fe92b093021bdddb,4JA4ZBPCG,undefined,5885864dbebc58b0fe92b093021bd0ce,4JA4ZBPCG,15,UCNE
5885864dbebc58b0fe92b093021bd056,BBJ5GNPHV,undefined,5885864dbebc58b0fe92b093021bc334,BBJ5GNPHV,15,UCNE
5885864dbebc58b0fe92b093021bbf47,FK17WCD62,undefined,5885864dbebc58b0fe92b093021baf88,FK17WCD62,15,UCNE
5885864dbebc58b0fe92b093021baf37,ZTM3RJM7T,undefined,5885864dbebc58b0fe92b093021ba1d6,ZTM3RJM7T,15,UCNE
5885864dbebc58b0fe92b093021b018b,V6VAQZNWC,undefined,5885864dbebc58b0fe92b093021b0088,V6VAQZNWC,15,UCNE
5885864dbebc58b0fe92b093021af690,WCRD8YSW5,undefined,5885864dbebc58b0fe92b093021aef5b,WCRD8YSW5,15,UCNE
5885864dbebc58b0fe92b093021ae11f,28R5JEK85,undefined,5885864dbebc58b0fe92b093021ade9d,28R5JEK85,15,UCNE
5885864dbebc58b0fe92b093021aeca7,BMNMNSZH0,undefined,5885864dbebc58b0fe92b093021ae9df,BMNMNSZH0,15,UCNE
5885864dbebc58b0fe92b093021ad7b6,51SEAQWXQ,undefined,5885864dbebc58b0fe92b093021abc37,51SEAQWXQ,15,UCNE
5885864dbebc58b0fe92b093021aac3e,CNYZMW3PY,undefined,5885864dbebc58b0fe92b093021a5e6c,CNYZMW3PY,15,UCNE
5885864dbebc58b0fe92b093021a5301,YQR6NTC1P,undefined,5885864dbebc58b0fe92b093021a434a,YQR6NTC1P,15,UCNE
5885864dbebc58b0fe92b093021ae7b5,JFAHRJVVG,undefined,5885864dbebc58b0fe92b093021ae193,JFAHRJVVG,15,UCNE
5885864dbebc58b0fe92b093021a3810,QEWHZ1911,undefined,5885864dbebc58b0fe92b093021a33d6,QEWHZ1911,15,UCNE
5885864dbebc58b0fe92b093021a2bf2,FS0K2Z1X$,undefined,5885864dbebc58b0fe92b0930219d487,FS0K2Z1X$,15,UCNE
5885864dbebc58b0fe92b0930219a299,FKT1ANHT4,undefined,5885864dbebc58b0fe92b093021988c4,FKT1ANHT4,15,UCNE
5885864dbebc58b0fe92b09302197947,XDJ4VXSSV,undefined,5885864dbebc58b0fe92b093021970c5,XDJ4VXSSV,15,UCNE
5885864dbebc58b0fe92b09302196dc1,D36TNDPNG,undefined,5885864dbebc58b0fe92b0930219652c,D36TNDPNG,15,UCNE
5885864dbebc58b0fe92b093021963cf,D4EYBTGV6,undefined,5885864dbebc58b0fe92b09302195942,D4EYBTGV6,15,UCNE
5885864dbebc58b0fe92b09302195871,ZZKC67TDF,undefined,5885864dbebc58b0fe92b0930219226b,ZZKC67TDF,15,UCNE
5885864dbebc58b0fe92b09302191701,D9CXJMDYH,undefined,5885864dbebc58b0fe92b09302190864,D9CXJMDYH,15,UCNE
5885864dbebc58b0fe92b0930218fa86,SS3WPCY0P,undefined,5885864dbebc58b0fe92b0930218de9b,SS3WPCY0P,15,UCNE
5885864dbebc58b0fe92b0930218bcac,BF7NFSNZZ,undefined,5885864dbebc58b0fe92b09302189f9c,BF7NFSNZZ,15,UCNE
5885864dbebc58b0fe92b09302189b04,M53W53Z8K,undefined,5885864dbebc58b0fe92b09302188a69,M53W53Z8K,15,UCNE
5885864dbebc58b0fe92b0930218616f,DZK2KR37W,undefined,5885864dbebc58b0fe92b09302182fc7,DZK2KR37W,15,UCNE
5885864dbebc58b0fe92b09302182ed6,XJJ8SFP6U,undefined,5885864dbebc58b0fe92b0930218105f,XJJ8SFP6U,15,UCNE
5885864dbebc58b0fe92b0930218056a,4SSDR97WF,undefined,5885864dbebc58b0fe92b0930217f1e0,4SSDR97WF,15,UCNE
5885864dbebc58b0fe92b0930217ecd3,ZV2TD6XK=,undefined,5885864dbebc58b0fe92b0930217d7eb,ZV2TD6XK=,15,UCNE
5885864dbebc58b0fe92b0930217cade,FZPA7RY4D,undefined,5885864dbebc58b0fe92b0930217c211,FZPA7RY4D,15,UCNE
5885864dbebc58b0fe92b0930217b9b4,P5M5Q0KSH,undefined,5885864dbebc58b0fe92b0930217ac0b,P5M5Q0KSH,15,UCNE
5885864dbebc58b0fe92b0930217a2f1,C6Y8K5570,undefined,5885864dbebc58b0fe92b09302178e4e,C6Y8K5570,15,UCNE
5885864dbebc58b0fe92b09302178659,9V8YW6GMN,undefined,5885864dbebc58b0fe92b093021775ac,9V8YW6GMN,15,UCNE
5885864dbebc58b0fe92b09302176658,49SP6DW1Q,undefined,5885864dbebc58b0fe92b093021750f3,49SP6DW1Q,15,UCNE
5885864dbebc58b0fe92b0930217491f,230ZB5PWN,undefined,5885864dbebc58b0fe92b0930217400b,230ZB5PWN,15,UCNE
5885864dbebc58b0fe92b09302173874,HF8PT4K6P,undefined,5885864dbebc58b0fe92b0930216e9e9,HF8PT4K6P,15,UCNE
5885864dbebc58b0fe92b0930216df63,98PH0VMWD,undefined,5885864dbebc58b0fe92b0930216cb52,98PH0VMWD,15,UCNE
5885864dbebc58b0fe92b0930216bec0,ZDTV4BYQF,undefined,5885864dbebc58b0fe92b0930216aed0,ZDTV4BYQF,15,UCNE
5885864dbebc58b0fe92b0930216a80f,K1HBVM0P=,undefined,5885864dbebc58b0fe92b09302169f8a,K1HBVM0P=,15,UCNE
5885864dbebc58b0fe92b09302169223,64GMEE4N=,undefined,5885864dbebc58b0fe92b09302168590,64GMEE4N=,15,UCNE
5885864dbebc58b0fe92b0930216842a,09WPXEHRA,undefined,5885864dbebc58b0fe92b09302168282,09WPXEHRA,15,UCNE
5885864dbebc58b0fe92b09302167814,144H0GYXN,undefined,5885864dbebc58b0fe92b09302166779,144H0GYXN,15,UCNE
5885864dbebc58b0fe92b09302165f15,QQJQSMC2E,undefined,5885864dbebc58b0fe92b093021618d2,QQJQSMC2E,15,UCNE
5885864dbebc58b0fe92b093021611ae,H6V19M32W,undefined,5885864dbebc58b0fe92b0930215fcf4,H6V19M32W,15,UCNE
5885864dbebc58b0fe92b0930215d185,HKV0SSH48,undefined,5885864dbebc58b0fe92b093021587b8,HKV0SSH48,15,UCNE
5885864dbebc58b0fe92b0930215828f,2SCYPZJEA,undefined,5885864dbebc58b0fe92b093021563fc,2SCYPZJEA,15,UCNE
5885864dbebc58b0fe92b09302156052,V5WFSQN37,undefined,5885864dbebc58b0fe92b09302154dac,V5WFSQN37,15,UCNE
5885864dbebc58b0fe92b09302153889,6NJDD05AC,undefined,5885864dbebc58b0fe92b09302151b5d,6NJDD05AC,15,UCNE
5885864dbebc58b0fe92b09302150f21,HAD17DCPV,undefined,5885864dbebc58b0fe92b09302150838,HAD17DCPV,15,UCNE
5885864dbebc58b0fe92b0930214fb62,DXRS5HF27,undefined,5885864dbebc58b0fe92b0930214e160,DXRS5HF27,15,UCNE
5885864dbebc58b0fe92b0930214de01,25ATYS426,undefined,5885864dbebc58b0fe92b0930214cbb8,25ATYS426,15,UCNE
